name,owner,description,special_requirements,gender,date_of_birth,category
Tinnitus,vodeveymf@printfriendly.com,,,Female,2020-06-05 04:34:24,Stanley bustard
Lisinopril,mjoplin6w@examiner.com,,,Male,2020-03-05 01:26:00,"Hyena, brown"
OXYGEN COMPRESSED,rlitstero4@meetup.com,,,Male,2020-05-29 14:26:43,Superb starling
Metronidazole,fduchaml@globo.com,,,Female,2020-10-10 10:36:10,Vine snake (unidentified)
ESIKA,ttemplar7v@auda.org.au,,,Male,2020-09-04 13:32:44,"Fox, crab-eating"
Dextrose and Sodium Chloride,crodge5y@scientificamerican.com,,,Female,2020-06-12 22:59:17,Stanley bustard
Ferric Subsulfate,dbeddoeir@ed.gov,,,Male,2020-02-01 00:58:25,Painted stork
Borago Lavender cum Cupro,mixermi@sourceforge.net,,,Female,2020-05-23 16:06:26,Painted stork
Extra Strength PM Pain Relief,ckeig6p@ycombinator.com,,,Female,2020-08-19 21:23:37,"Hyena, brown"
SkinTx Acne Treatment,cclunan1c@hibu.com,,,Male,2020-08-02 14:49:47,Painted stork
The First Ampoule Essence BB,jriviliscl@cnn.com,,,Female,2020-09-18 00:43:47,"Fox, crab-eating"
ULTRACET,atunacliftpd@dyndns.org,,,Male,2019-12-05 15:06:30,Javan gold-spotted mongoose
Sulwhasoo Lumitouch Base,lsteedmanqa@msn.com,,,Female,2020-06-18 05:52:39,Superb starling
PODOPHYLLUM PELTATUM,dwalickibe@senate.gov,,,Female,2019-12-13 16:59:55,Javan gold-spotted mongoose
SHISEIDO SHEER MATIFYING COMPACT (REFILL),bshuttlehn@mac.com,,,Male,2020-02-20 09:21:10,Stanley bustard
Vaginitis - Feminine Care,tadriaan6u@pbs.org,,,Female,2020-03-23 17:30:36,Spectacled caiman
Isoniazid,bspeers43@rediff.com,,,Male,2019-10-30 08:23:59,"Fox, crab-eating"
GUNA-MOOD,espinozzijz@tiny.cc,,,Female,2020-06-11 04:32:46,Superb starling
Hydrocodone Bitartrate and Acetaminophen,nmarchisoc3@japanpost.jp,,,Female,2020-07-29 04:42:19,American black bear
ESIKA,kwoodthorpe8g@pcworld.com,,,Male,2020-10-25 18:25:50,"Hyena, brown"
ENGERIX-B,jkernock4n@reuters.com,,,Male,2020-04-22 02:23:41,Stanley bustard
CVS,hgladdinc4@google.pl,,,Male,2020-05-17 04:58:49,Javan gold-spotted mongoose
Omeprazole and Sodium Bicarbonate,kmattingsondd@nyu.edu,,,Male,2020-07-16 22:37:19,Painted stork
Diethylpropion Hydrochloride,kfredsonkc@last.fm,,,Male,2019-11-13 02:42:34,Spectacled caiman
Sulfamylon,ccutajarmy@youku.com,,,Male,2019-12-12 08:14:17,Spectacled caiman
XtraCare 2 in 1 Hair Cleanse and Condition,fbedome34@theglobeandmail.com,,,Male,2019-12-10 02:43:07,"Fox, crab-eating"
Inflammation I,ptessingtongt@shinystat.com,,,Female,2020-07-15 02:15:36,"Mouse, four-striped grass"
Candida Alb,pmowbrayhu@printfriendly.com,,,Male,2020-09-02 20:52:32,Javan gold-spotted mongoose
Triamterene hydrochlorothiazide,hkubanekg2@webnode.com,,,Female,2020-04-20 05:41:10,"Mouse, four-striped grass"
CVS SPF 8,epostanqi@ovh.net,,,Female,2019-11-18 00:55:58,Javan gold-spotted mongoose
Esgic,dmcgralefx@bbb.org,,,Male,2019-12-05 14:44:12,American black bear
Carvedilol,lfawdry6d@columbia.edu,,,Female,2019-11-22 02:11:34,"Fox, crab-eating"
Ibuprofen,vjoliffeh9@bandcamp.com,,,Male,2020-07-22 23:26:48,"Hyena, brown"
glimepiride,fchettoe49@blog.com,,,Female,2019-12-10 07:09:48,Stanley bustard
Lorcet 10/650,cradbourneel@cbslocal.com,,,Female,2020-05-22 13:29:38,Painted stork
Nadolol,sskirvendw@zdnet.com,,,Male,2020-01-21 04:30:18,"Hyena, brown"
CLARINS Ever Matte Broad Spectrum SPF 15 Tint 114,csinkinsonh@cyberchimps.com,,,Male,2020-03-20 07:27:01,American black bear
Aveeno Active Naturals Skin Relief Moisturizing,cluigibb@bbc.co.uk,,,Male,2020-09-19 00:07:30,Superb starling
Lisinopril,jsurmeirmt@google.com.au,,,Female,2020-06-13 15:19:25,Javan gold-spotted mongoose
Midazolam Hydrochloride,palbertson47@npr.org,,,Female,2020-04-24 16:14:16,Spectacled caiman
clindamycin hydrochloride,asherwell7q@economist.com,,,Male,2020-06-15 11:18:24,American black bear
Antimicrobial,ldahlehr@taobao.com,,,Male,2019-12-10 12:08:36,Stanley bustard
DELFLEX,sdanbyeno@slideshare.net,,,Male,2020-03-14 14:39:56,Javan gold-spotted mongoose
No7 Lifting and Firming Foundation Sunscreen SPF 15 Nude,geden2h@webs.com,,,Male,2020-02-16 11:12:06,Stanley bustard
Amlodipine Besylate,cfifoot1v@europa.eu,,,Male,2020-09-04 09:57:23,"Hyena, brown"
Lisinopril,bkybbye9e@seesaa.net,,,Female,2020-07-29 05:23:22,Stanley bustard
Intelence,athursfieldcb@surveymonkey.com,,,Female,2020-04-14 19:15:58,Stanley bustard
Vermex,cwicken2t@usnews.com,,,Male,2020-06-07 07:23:36,Javan gold-spotted mongoose
"Terrasil Itch, Rash and Pain Relief",aagiushp@tamu.edu,,,Male,2020-08-27 02:12:02,Painted stork
Olanzapine,gmasser8@ask.com,,,Male,2020-07-13 02:47:06,Vine snake (unidentified)
care one flu and sore throat,bwestmacottn2@google.com.au,,,Female,2019-12-10 04:06:10,"Mouse, four-striped grass"
PrismaSol,wcarlsen54@sina.com.cn,,,Female,2020-03-24 16:43:17,Painted stork
Neoral,rcrickettq4@marriott.com,,,Female,2020-10-18 18:24:51,Painted stork
Sertraline Hydrochloride,lkinnarlt@issuu.com,,,Female,2020-10-07 12:05:17,"Hyena, brown"
Finasteride,bhewkinm7@unc.edu,,,Male,2020-07-26 07:46:25,Superb starling
rexall allergy relief,lwestcottna@icq.com,,,Male,2020-05-04 13:07:25,Vine snake (unidentified)
Ramipril,pcosgrave1g@desdev.cn,,,Male,2019-12-17 12:04:43,Painted stork
ARTEMISIA FRIGIDA POLLEN,lsharphurstih@intel.com,,,Female,2020-01-28 02:29:46,Superb starling
AMIFOSTINE,mslaterbi@ustream.tv,,,Female,2020-07-15 09:57:03,"Mouse, four-striped grass"
Hydrating day moisture broad spectrum SPF15,agethyn1h@phpbb.com,,,Female,2020-01-31 17:37:41,Vine snake (unidentified)
Mucinex Fast-Max,elampettfz@wikimedia.org,,,Female,2020-06-11 19:27:27,Spectacled caiman
SINGULAIR,rwillimottao@sitemeter.com,,,Male,2020-08-12 05:51:55,"Hyena, brown"
kirkland signature pain and fever,dlonghorncy@aboutads.info,,,Male,2019-12-27 01:29:48,"Fox, crab-eating"
Virx,jestcourt33@people.com.cn,,,Female,2020-07-16 16:41:48,Painted stork
Mucus Relief DM,htowerku@diigo.com,,,Female,2020-07-17 18:21:05,Painted stork
Lorazepam,mrosgen1b@gizmodo.com,,,Female,2020-07-07 00:37:02,Vine snake (unidentified)
Atenolol,pzanicchelli3r@shareasale.com,,,Female,2020-02-14 12:46:34,"Mouse, four-striped grass"
healthy accents antacid,pmoffetp8@usgs.gov,,,Male,2020-01-09 07:27:26,"Hyena, brown"
ECZEMA,agouthm@so-net.ne.jp,,,Female,2020-01-18 01:20:46,"Mouse, four-striped grass"
childrens ibuprofen,jstockenpl@google.com.hk,,,Male,2020-08-22 14:03:54,Painted stork
"Carbidopa, Levodopa and Entacapone",sjudeif@whitehouse.gov,,,Male,2020-08-18 02:25:11,Painted stork
Lovely ME EX BB PACT SPF20,jann78@amazon.com,,,Female,2020-05-17 22:28:59,"Mouse, four-striped grass"
Natrum Muriaticum Kit Refill,hroiz9a@cyberchimps.com,,,Female,2019-12-09 23:45:03,Stanley bustard
Rejuvenate 2000 Maximum Strength Formula For Men,sglusbyq6@ebay.com,,,Female,2020-07-15 04:38:32,Superb starling
Pravastatin sodium,cweitzelrg@phoca.cz,,,Female,2020-10-20 23:42:36,Stanley bustard
Clozapine,rloftingfp@dagondesign.com,,,Female,2020-09-26 23:11:36,"Mouse, four-striped grass"
Cepacol,fworviellan@ow.ly,,,Male,2020-08-23 21:25:53,"Mouse, four-striped grass"
Equaline tussin,cwhightn6@google.es,,,Male,2020-04-23 00:23:44,American black bear
Allergena,vodeveymf@printfriendly.com,,,Male,2020-05-21 07:12:53,Vine snake (unidentified)
COTTON FIBER,dwilceo6@foxnews.com,,,Male,2020-08-17 21:40:29,"Hyena, brown"
COVARYX,jbollepo@bing.com,,,Male,2019-11-25 17:51:18,Javan gold-spotted mongoose
Dial Complete Antibacterial Foaming Hand Wash with Lotion,ldowbigginkz@sogou.com,,,Male,2020-04-10 02:07:18,"Mouse, four-striped grass"
Hydrochlorothiazide,ebeehoa@msn.com,,,Female,2019-12-11 02:17:37,Vine snake (unidentified)
Vibativ,awhorall1t@pen.io,,,Male,2020-08-18 13:42:49,Stanley bustard
BareMinerals Fairly Light matte,wkeniwellnw@mozilla.org,,,Male,2020-08-09 23:13:10,Superb starling
American Beech,dhillburnjv@creativecommons.org,,,Male,2020-07-30 21:58:10,Vine snake (unidentified)
Levofloxacin,wagronski4e@parallels.com,,,Female,2020-06-27 19:46:25,Javan gold-spotted mongoose
Ibuprofen,dbalch58@boston.com,,,Female,2020-07-15 15:13:20,Stanley bustard
Triamcinolone Acetonide,eflipsenc5@squarespace.com,,,Female,2020-09-06 14:06:43,Stanley bustard
Gabapentin,pvanbf@ihg.com,,,Female,2019-12-12 20:20:08,American black bear
Neutrogena TGel Therapeutic Stubborn Itch,dcuel9w@google.ru,,,Female,2020-07-28 13:54:04,Javan gold-spotted mongoose
Tetracycline-ABC,mbogeys6b@miibeian.gov.cn,,,Male,2019-11-24 04:27:53,"Hyena, brown"
Paroxetine,dboshier40@mashable.com,,,Male,2020-03-01 14:13:58,American black bear
Health Mart Z Sleep,ftuddall9z@jigsy.com,,,Female,2020-08-10 01:27:51,American black bear
rizatriptan benzoate,gvogellerfn@ustream.tv,,,Male,2019-12-21 14:10:57,"Hyena, brown"
Cetirizine,bferronel86@aol.com,,,Female,2019-12-11 12:13:01,Vine snake (unidentified)
Fosamax,blugg9m@scribd.com,,,Female,2020-05-25 07:33:09,"Hyena, brown"
Meijer Oil Free Faces SPF 30,klittrelln9@weebly.com,,,Female,2020-01-05 17:25:10,"Hyena, brown"
ARNICA MONTANA,fchettoe49@blog.com,,,Male,2020-01-21 21:36:12,Javan gold-spotted mongoose
Warfarin Sodium,sgisborneoq@joomla.org,,,Female,2019-12-06 20:17:07,American black bear
Degree,bdjurisicb7@technorati.com,,,Male,2020-03-09 12:17:45,"Fox, crab-eating"
Alcohol,jlapidus5x@hp.com,,,Male,2020-10-21 11:12:46,Vine snake (unidentified)
Hydrocodone Bitartrate and Acetaminophen,jissitth3@army.mil,,,Male,2020-06-10 15:45:57,Vine snake (unidentified)
Glyburide,bmoyerqt@ted.com,,,Male,2020-07-17 09:11:11,Vine snake (unidentified)
Bodycology white gardenia anti-bacterial scrubbing hand soap,ienevoldee@i2i.jp,,,Male,2020-10-04 06:17:56,Stanley bustard
Extra Strength Pain Reliever,rpucknelljg@mozilla.com,,,Female,2020-10-15 07:07:49,Spectacled caiman
RUE21 Apple Spice Antibacterial Hand Sanitizer,hgladdinc4@google.pl,,,Female,2020-08-24 06:55:01,Painted stork
Arnica Plus,estandringpi@umich.edu,,,Male,2020-01-05 10:02:23,Superb starling
Quetiapine fumarate,wagronski4e@parallels.com,,,Female,2020-07-27 13:49:31,"Fox, crab-eating"
EMBEDA,nhuttongs@weebly.com,,,Female,2020-03-21 15:27:36,Vine snake (unidentified)
BabyBIG,tblaydqg@usatoday.com,,,Male,2020-04-11 07:17:46,American black bear
Ondansetron Hydrochloride,gbehrendsenhs@zimbio.com,,,Male,2020-01-21 04:16:16,Vine snake (unidentified)
Hydrocodone Bitartrate And Acetaminophen,dstaresn7@bandcamp.com,,,Female,2020-04-10 19:12:25,Spectacled caiman
SoftCIDE-ES,echamberlayneb8@go.com,,,Female,2020-10-14 21:58:39,Superb starling
Cephalexin,fjenkison3f@csmonitor.com,,,Male,2020-01-21 05:28:54,American black bear
Whitening Foaming,wfridlingtone0@symantec.com,,,Female,2020-03-15 14:41:54,Stanley bustard
Flumazenil,rmartindalep2@t-online.de,,,Male,2020-09-17 14:14:10,Painted stork
Sound Body Original Eye,ezannetti9@webs.com,,,Male,2020-10-26 01:34:31,Stanley bustard
Sterile Diluent for Allergenic Extract,dmcgralefx@bbb.org,,,Male,2020-03-17 01:48:27,Painted stork
Vectibix,sklug79@blogs.com,,,Male,2020-05-23 00:15:43,Spectacled caiman
Headache Tonic,gpegrampe@xing.com,,,Female,2020-04-01 21:31:40,Stanley bustard
OXYGEN,scrimej@apache.org,,,Female,2020-03-13 21:01:15,"Mouse, four-striped grass"
HYDROXYZINE HYDROCHLORIDE,tburdecq@webnode.com,,,Female,2020-06-08 07:01:11,Javan gold-spotted mongoose
Scanty Flow,bdjurisicb7@technorati.com,,,Male,2020-08-13 00:14:39,Stanley bustard
Enteric Coated Aspirin,bsallingms@vimeo.com,,,Male,2020-09-21 21:52:50,Stanley bustard
DENBLAN,kwoodthorpe8g@pcworld.com,,,Male,2020-06-16 11:09:37,Vine snake (unidentified)
Livergen,fchettoe49@blog.com,,,Male,2020-08-12 14:12:07,Stanley bustard
Levophed,dstaresn7@bandcamp.com,,,Female,2020-09-21 12:39:56,"Hyena, brown"
Sulfamylon,itailourix@fotki.com,,,Male,2020-06-17 01:43:33,Vine snake (unidentified)
DONEPEZIL HYDROCHLORIDE,olowtherlv@baidu.com,,,Female,2020-08-17 07:51:13,Stanley bustard
Oxygen,kyegorov44@desdev.cn,,,Female,2020-01-14 08:46:42,Painted stork
OPANA,afanceba@domainmarket.com,,,Male,2019-10-31 02:06:44,Javan gold-spotted mongoose
Modafinil,hlogiek8@sbwire.com,,,Male,2020-09-26 04:22:09,Spectacled caiman
Headache,bmoralesqp@list-manage.com,,,Female,2019-12-27 16:26:47,"Mouse, four-striped grass"
TRICARE PRENATAL DHA ONE,jboughenlg@purevolume.com,,,Female,2020-07-02 00:36:29,Superb starling
Aleve,bwestmacottn2@google.com.au,,,Male,2020-01-30 14:31:48,Javan gold-spotted mongoose
Zyprexa,alytton5o@cpanel.net,,,Male,2020-03-12 03:39:55,"Hyena, brown"
SUDAFED PE Pressure PLUS Pain PLUS Mucus,tratnageeh@rediff.com,,,Male,2020-08-01 15:49:25,"Fox, crab-eating"
COLCHICUM AUTUMNALE,rpucknelljg@mozilla.com,,,Male,2020-08-11 23:56:17,Painted stork
Amitriptyline Hydrochloride,cwicken2t@usnews.com,,,Female,2020-09-11 01:39:26,"Hyena, brown"
Targretin,byorkeca@acquirethisname.com,,,Female,2019-12-02 22:23:29,Stanley bustard
GNP Hygienic Cleansing Pads,lkeattch8f@cnet.com,,,Male,2020-03-30 05:57:40,Superb starling
Humalog,lverneqh@go.com,,,Female,2020-09-28 16:51:27,Vine snake (unidentified)
Diphenhydramine Hydrochloride,jpoatgy@omniture.com,,,Female,2020-09-19 13:31:11,Spectacled caiman
PENICILLIUM CHRYSOGENUM VAR CHRYSOGENUM,aturfs7l@google.co.jp,,,Male,2020-06-22 12:12:28,Stanley bustard
Desvenlafaxine,cmoreman6r@infoseek.co.jp,,,Male,2020-09-12 07:20:43,Superb starling
Ursodiol,scampaignemn@1und1.de,,,Female,2020-10-13 16:39:19,Superb starling
Snore Soothe,ezannetti9@webs.com,,,Female,2020-03-04 22:17:44,Stanley bustard
Sulfamethoxazole and Trimethoprim,ejanota7n@time.com,,,Female,2020-04-01 02:33:03,Stanley bustard
citroma,edrydenpb@goo.ne.jp,,,Male,2020-08-10 22:36:50,American black bear
Aspirin,ubircherdp@artisteer.com,,,Male,2020-05-29 22:59:01,Superb starling
PCXX ONE MINTE GEL MOCHA CAPPUCCINO,lvizard24@blinklist.com,,,Female,2020-10-14 00:22:36,"Hyena, brown"
Day Time,gmcmahonc@usnews.com,,,Male,2020-09-10 16:39:48,Superb starling
LE TECHNIQ,rnehlqw@tamu.edu,,,Male,2020-10-17 23:47:47,Spectacled caiman
Enoxaparin Sodium,jbissill5r@slideshare.net,,,Female,2020-04-30 14:31:08,Superb starling
BUDESONIDE,rdawtrey7m@alexa.com,,,Male,2019-12-20 15:58:53,Stanley bustard
Ergocalciferol,hblanninq9@aboutads.info,,,Female,2020-01-08 00:58:46,Spectacled caiman
LEVAQUIN,fworviellan@ow.ly,,,Male,2019-12-19 04:05:29,Superb starling
SMASHBOX,dchedgeyo3@godaddy.com,,,Male,2020-07-07 04:34:51,"Fox, crab-eating"
Metoclopramide Hydrochloride,ggherardih8@theatlantic.com,,,Female,2020-04-26 11:40:49,Spectacled caiman
CLE DE PEAU BEAUTE FOUNDATION I,ptroddke@miitbeian.gov.cn,,,Male,2020-10-14 17:44:32,Painted stork
Lysol,ereallye@nasa.gov,,,Male,2020-07-19 14:55:28,"Hyena, brown"
UP AND UP ACID REDUCER,apidgini2@spiegel.de,,,Male,2020-05-21 06:47:09,Painted stork
Estradiol / Norethindrone Acetate,bmathieung@wordpress.org,,,Female,2020-08-21 05:09:18,American black bear
Potassium Chloride,cpechellrk@google.pl,,,Male,2020-10-23 05:27:00,"Fox, crab-eating"
Creations Garden,trodde6@blogspot.com,,,Male,2020-02-09 02:57:48,Superb starling
Nitrogen,fmcmarquis53@fema.gov,,,Female,2020-03-06 16:36:49,"Hyena, brown"
Chantix,ldoggettkw@pagesperso-orange.fr,,,Female,2020-02-10 05:02:24,Vine snake (unidentified)
mouth fresh,mmikalskigg@goo.gl,,,Female,2020-01-23 18:13:02,"Hyena, brown"
04 Balancing Foundation,egorges3d@europa.eu,,,Female,2020-04-19 15:01:17,Vine snake (unidentified)
Escitalopram Oxalate,pkeenornk@ovh.net,,,Male,2019-11-02 13:39:25,Superb starling
Pleo Pef,achallener3g@about.me,,,Male,2020-04-30 16:39:17,American black bear
Hydrochlorothiazide,kstaceyks@arizona.edu,,,Male,2020-10-13 15:56:23,"Hyena, brown"
Felodipine,ddubockp4@prweb.com,,,Male,2020-01-24 20:46:19,Painted stork
Eye Clean,crodge5y@scientificamerican.com,,,Female,2019-11-09 21:00:07,Javan gold-spotted mongoose
TYLENOL,jmilbankpw@constantcontact.com,,,Male,2020-04-20 21:20:14,Spectacled caiman
Melaleuca Pollen,rcardoll@home.pl,,,Male,2020-01-23 00:46:35,"Hyena, brown"
POPULUS DELTOIDES POLLEN,egaytonqq@ow.ly,,,Male,2020-03-26 03:00:40,"Fox, crab-eating"
Osteoplex,pmacneilage9d@digg.com,,,Male,2020-06-12 09:51:19,Painted stork
POLYETHYLENE GLYCOL 3350,moef@house.gov,,,Female,2019-11-30 07:15:45,Stanley bustard
mitoXANTRONE,kwoodthorpe8g@pcworld.com,,,Male,2020-08-24 01:41:28,Painted stork
LBEL Effet Parfait Mineral Natural Skin Effect Mouse Foundation,vodeveymf@printfriendly.com,,,Female,2020-07-22 08:40:19,Stanley bustard
Phentermine Hydrochloride,jsimmoniteb9@scientificamerican.com,,,Female,2020-05-04 09:30:02,Painted stork
BANANA BOAT,vsteer50@weebly.com,,,Female,2020-08-16 03:43:37,Vine snake (unidentified)
Propoxyphene and Acetaminophen,mbullerwell7d@simplemachines.org,,,Male,2020-03-22 04:11:10,"Hyena, brown"
Hydrocodone Bitartate and Acetaminophen,ehurchbk@webnode.com,,,Male,2019-12-07 02:10:02,Vine snake (unidentified)
Head and Shoulders Conditioner,cpickthallcs@multiply.com,,,Female,2020-09-12 07:29:49,Superb starling
FORANE,arobensaj@1688.com,,,Male,2020-05-11 21:58:48,"Hyena, brown"
Freshmint Anticavity Fluoride Gel Toothpaste,mchicchellis@slideshare.net,,,Female,2020-10-24 13:15:26,Vine snake (unidentified)
SINUS PAIN AND CONGESTION NIGHTTIME,ekelbie30@tumblr.com,,,Male,2020-09-09 13:40:43,Superb starling
hair regrowth treatment,ekuhnej2@nationalgeographic.com,,,Male,2020-08-24 17:44:19,Javan gold-spotted mongoose
Nizoral,gsavealliv@kickstarter.com,,,Male,2020-06-19 22:41:21,Spectacled caiman
Night Time Original,rnehlqw@tamu.edu,,,Male,2020-07-14 06:43:27,Javan gold-spotted mongoose
Epinephrine,rstillp3@mayoclinic.com,,,Male,2020-09-28 14:07:31,American black bear
Citalopram,shartnelll6@jimdo.com,,,Female,2020-03-10 03:31:42,Painted stork
Testosterone,jcleugherly@mtv.com,,,Male,2020-10-27 04:57:25,Vine snake (unidentified)
Ammonium Lactate,gtiliorm@furl.net,,,Female,2019-10-30 16:53:13,Spectacled caiman
Petroleum Skin Protectant,hmackaiglb@vimeo.com,,,Female,2019-12-24 16:12:07,"Mouse, four-striped grass"
FAST RELIEF REUMACETIN,jsilverwood67@goodreads.com,,,Male,2020-06-25 04:19:08,American black bear
Cefprozil,jcheetamic@dedecms.com,,,Female,2020-08-29 04:20:05,"Hyena, brown"
Corn Smut,bmanaghe4@ezinearticles.com,,,Female,2020-01-15 11:14:42,Vine snake (unidentified)
Supersmile,fmaudett22@moonfruit.com,,,Male,2020-04-05 14:34:14,"Mouse, four-striped grass"
Lil Goats Zinc Oxide,gbenmorege@desdev.cn,,,Male,2020-06-14 19:56:15,"Hyena, brown"
H-Balm,cairliefk@globo.com,,,Male,2020-09-30 05:45:01,"Hyena, brown"
Vancomycin HCl,pdombrellj9@unicef.org,,,Male,2020-01-08 23:41:29,Spectacled caiman
Pecan Pollen,gtwell6z@sphinn.com,,,Female,2020-03-23 09:24:51,American black bear
AZITHROMYCIN,oallenbyot@t-online.de,,,Male,2020-02-24 10:54:49,Vine snake (unidentified)
Oat Grain,acyphusbd@discovery.com,,,Female,2020-09-08 04:37:16,Spectacled caiman
In Control Nicotine,tmanskeon@eventbrite.com,,,Male,2020-06-19 15:06:59,Stanley bustard
Homeopathic Ear Ache Formula,mabbapz@craigslist.org,,,Male,2020-04-06 09:47:19,"Fox, crab-eating"
Hydrogen Peroxide,jnarramorn8@linkedin.com,,,Male,2020-10-25 09:19:47,Stanley bustard
Abstral,floyleycw@senate.gov,,,Male,2020-09-21 07:54:43,American black bear
Nortrel,fjenkison3f@csmonitor.com,,,Male,2020-03-02 21:01:18,"Hyena, brown"
Calc Carb,ashakeshaft6t@google.de,,,Female,2020-09-05 04:18:57,Painted stork
No7 Protect and Perfect Day Sunscreen Broad Spectrum SPF 15,aagiushp@tamu.edu,,,Female,2020-09-30 04:36:42,Painted stork
Bacitracin Zinc,lelegoodpn@ft.com,,,Male,2020-04-05 06:09:05,American black bear
EpiPen Jr,vcrosscombelc@archive.org,,,Male,2019-12-12 20:10:48,"Mouse, four-striped grass"
MINOCYCLINE HYDROCHLORIDE,ojinkinsbw@apache.org,,,Male,2020-03-30 12:30:12,Javan gold-spotted mongoose
topiramate,lmaldenc6@pinterest.com,,,Female,2020-05-14 21:41:09,"Mouse, four-striped grass"
Nasal Decongestant,kduetschensm1@gov.uk,,,Male,2020-05-20 17:44:29,Superb starling
Isoniazid,plannen1x@mediafire.com,,,Female,2020-10-23 11:22:59,Stanley bustard
Gabapentin,aagiushp@tamu.edu,,,Male,2020-06-19 05:59:53,Spectacled caiman
bareMinerals bareSkin Pure Brightening Serum Foundation Broad Spectrum SPF 20,lchartresle@webnode.com,,,Male,2020-07-06 20:57:02,"Hyena, brown"
Neutrogena Ageless Intensives Tone Correcting Tinted Daily Moisturizer,gbenmorege@desdev.cn,,,Male,2019-11-01 00:16:16,"Fox, crab-eating"
Breast Help,crudinger18@microsoft.com,,,Male,2020-03-13 18:44:50,Vine snake (unidentified)
ENALAPRIL MALEATE,shartasql@webmd.com,,,Female,2020-01-31 10:31:01,Superb starling
SAFEWAY,rwillimottao@sitemeter.com,,,Female,2019-11-18 16:19:42,American black bear
Zortress,lhedylstone29@nhs.uk,,,Female,2019-12-25 03:05:04,American black bear
Zeel,calsoppl0@prweb.com,,,Male,2020-09-26 06:35:41,Vine snake (unidentified)
Alprazolam,sgayton37@shutterfly.com,,,Female,2020-10-24 00:02:28,Superb starling
LEMON GINGER TEA DEODORANT,estopfordm9@hugedomains.com,,,Female,2020-10-10 00:59:23,Vine snake (unidentified)
HYDROMORPHONE HYDROCHLORIDE,lohenecana3@mapquest.com,,,Male,2020-03-14 04:01:26,Javan gold-spotted mongoose
Fosinopril sodium,krandalstonhj@rakuten.co.jp,,,Male,2020-10-05 21:08:48,Stanley bustard
Antiseptic,lwestcottna@icq.com,,,Male,2020-08-31 23:11:22,Vine snake (unidentified)
DERMAN ANTIFUNGAL,rcrickettq4@marriott.com,,,Male,2019-11-03 21:29:50,Spectacled caiman
Corn Grass,nfarlham7o@unesco.org,,,Female,2020-06-29 04:33:11,American black bear
Prednisone,arobensaj@1688.com,,,Female,2020-03-21 06:19:08,"Hyena, brown"
NUTRITIOUS,bmanaghe4@ezinearticles.com,,,Female,2020-06-20 21:07:03,Spectacled caiman
Neutrogena Oil Free Acne Stress Control,avala5z@istockphoto.com,,,Female,2020-01-21 21:09:38,Spectacled caiman
Loris Povidone-Iodine,lallomkg@instagram.com,,,Male,2020-04-05 06:22:26,Superb starling
Acetaminophen and Codeine Phosphate,shighwayck@wsj.com,,,Female,2019-11-04 09:49:15,"Fox, crab-eating"
tizanidine,jmcinnesm6@sciencedaily.com,,,Male,2020-03-18 03:33:15,Painted stork
Meperidine Hydrochloride,dgriffin20@hugedomains.com,,,Male,2019-12-28 21:43:22,Superb starling
Lamotrigine,rscolapf@ycombinator.com,,,Female,2020-02-22 21:25:33,"Hyena, brown"
Beauty Counter Protect All over Sunscreen,cingleton4z@altervista.org,,,Female,2019-12-10 06:13:58,Stanley bustard
Carbidopa and Levodopa,gcoppinpk@dmoz.org,,,Female,2020-07-14 07:02:22,"Fox, crab-eating"
Alcohol Prep Pads,gtiliorm@furl.net,,,Female,2020-01-22 23:31:44,Painted stork
Advanced Arnica,sherrievenhw@time.com,,,Male,2020-09-10 08:29:40,Painted stork
Notatum,tmanskeon@eventbrite.com,,,Female,2020-08-18 08:39:49,"Hyena, brown"
MANGO BUTTER LIPSTICK,bkinnin1u@dion.ne.jp,,,Female,2020-08-04 14:12:23,Painted stork
Risperidone,jocheltree4v@admin.ch,,,Female,2019-10-31 00:14:34,"Fox, crab-eating"
Spiriva,msheircliffe5f@noaa.gov,,,Male,2019-11-16 10:16:11,Javan gold-spotted mongoose
Fentanyl Citrate,rberriels@sitemeter.com,,,Male,2020-06-15 13:05:57,"Hyena, brown"
Sun Mark allergy relief,jann78@amazon.com,,,Female,2020-01-06 04:00:01,Vine snake (unidentified)
Lisinopril,mchicchellis@slideshare.net,,,Male,2020-02-18 04:01:45,Vine snake (unidentified)
White Pepper,sskirvendw@zdnet.com,,,Female,2019-11-09 09:35:45,Painted stork
Zap APF,rmartindalep2@t-online.de,,,Male,2020-02-23 04:03:41,American black bear
Alprazolam,bshalea4@wired.com,,,Male,2020-01-20 17:54:04,American black bear
NICOTINE,aseeks2p@yale.edu,,,Female,2020-05-08 06:04:32,Painted stork
Hydrochlorothiazide,bactonei@cbslocal.com,,,Male,2019-11-24 17:40:49,Spectacled caiman
Quinapril,woliveiramj@mysql.com,,,Female,2020-05-17 08:13:12,Stanley bustard
MK Povidone-Iodine Swabstick Non-Sterile,bsirkettqo@vkontakte.ru,,,Male,2020-07-19 15:41:42,"Hyena, brown"
Muscle Ice,wgardner8w@tumblr.com,,,Female,2020-10-26 00:47:29,Stanley bustard
Bald Cypress,jgraithet@technorati.com,,,Male,2020-03-22 18:27:00,Painted stork
Quetiapine fumarate,dbeddoeir@ed.gov,,,Male,2020-06-09 05:29:34,"Fox, crab-eating"
Risperidone,pmacneilage9d@digg.com,,,Female,2020-07-20 06:17:25,Vine snake (unidentified)
Advanced Hand Sanitizer,bshuttlehn@mac.com,,,Female,2019-11-14 23:04:06,Superb starling
CELEBREX,rmabeykr@salon.com,,,Male,2020-03-22 14:46:56,Spectacled caiman
Bupropion hydrochloride,tarroro@symantec.com,,,Male,2020-10-05 14:29:32,Stanley bustard
Aspir Low,abeauvaisj1@live.com,,,Male,2019-12-23 11:31:23,American black bear
Irbesartan,dshuttenh@aboutads.info,,,Female,2020-08-09 00:35:29,"Hyena, brown"
KALI MURIATICUM,sbendikbx@unesco.org,,,Male,2020-01-11 04:10:25,Superb starling
Robinul,fkitneyop@soup.io,,,Female,2020-07-30 06:00:07,"Hyena, brown"
Tucks Hemorrhoidal,yhamprechtk2@wikia.com,,,Female,2020-10-22 00:10:37,"Hyena, brown"
NAPROXEN,bhawkesdx@mozilla.org,,,Male,2020-01-07 13:09:25,Javan gold-spotted mongoose
Vyvanse,eglidderiw@mapy.cz,,,Female,2020-02-01 00:42:49,Spectacled caiman
Illuminating Daily Moisturizer,fkitneyop@soup.io,,,Female,2020-01-22 00:49:25,American black bear
Zep E-2 Foaming Sanitizing Hand Cleaner,cgrevel9g@squidoo.com,,,Female,2020-03-04 06:02:29,"Hyena, brown"
NALTREXONE HYDROCHLORIDE,iwalles87@toplist.cz,,,Male,2019-12-17 13:05:57,Javan gold-spotted mongoose
CARBON DIOXIDE,gbreckenridgeqr@joomla.org,,,Male,2019-11-26 02:06:48,American black bear
Lamb Quarters,fsumersmo@liveinternet.ru,,,Female,2020-07-26 21:51:50,Superb starling
QUIXIN,vbeech8@addthis.com,,,Female,2020-02-20 06:46:56,Vine snake (unidentified)
Tussin CF,tciottoio@blogger.com,,,Female,2019-11-27 00:07:45,Vine snake (unidentified)
Xeloda,rjeger3a@tamu.edu,,,Male,2020-09-04 11:58:39,Spectacled caiman
Paroxetine,gmacvicar1r@senate.gov,,,Female,2020-02-12 01:04:21,Stanley bustard
Nervous Headache,aanniwellpy@symantec.com,,,Male,2020-09-06 09:20:46,Javan gold-spotted mongoose
Chaetomium globosum,jclimerct@so-net.ne.jp,,,Male,2020-04-10 04:30:54,Spectacled caiman
DANDRUFF CONDITIONER,lbettisff@google.co.uk,,,Female,2020-03-19 13:49:32,Javan gold-spotted mongoose
Pentoxifylline,mraspisonjo@ezinearticles.com,,,Female,2020-04-10 21:40:42,Spectacled caiman
Denavir,hmclo@time.com,,,Male,2020-08-10 05:26:36,"Fox, crab-eating"
Treatment Set TS344059,ckerrodew@symantec.com,,,Male,2020-01-17 20:05:06,"Mouse, four-striped grass"
Rite Aid RENEWAL kids,jkernock4n@reuters.com,,,Female,2020-06-13 05:23:46,Painted stork
Aloxi,adrinkhilllr@economist.com,,,Male,2020-10-18 13:13:54,Painted stork
health mart pain and fever,edrydenpb@goo.ne.jp,,,Female,2020-07-12 16:33:15,Painted stork
PERIPLANETA AMERICANA,adriscolli4@amazon.co.jp,,,Female,2020-07-13 22:41:09,Vine snake (unidentified)
Clindamycin Hydrochloride,gketteridgeeu@yelp.com,,,Female,2019-11-02 11:51:25,Painted stork
MANGANESE,ejanuszkiewicz4r@prlog.org,,,Male,2020-01-14 18:49:46,Spectacled caiman
Amoxicillin and Clavulanate Potassium,egillfordgb@indiatimes.com,,,Male,2020-02-14 19:31:05,Vine snake (unidentified)
Edarbyclor,fmaudett22@moonfruit.com,,,Male,2020-02-21 23:45:09,Spectacled caiman
LEVOXYL,ashakeshaft6t@google.de,,,Female,2020-04-02 20:13:17,Painted stork
Cilostazol,mlongoaw@comcast.net,,,Male,2020-03-21 06:29:33,Superb starling
PARURE DE LUMIERE LIGHT-DIFFUSING FOUNDATION WITH SUNSCREEN MOISTURE INFUSION BROAD SPECTRUM SPF 25 12 ROSE CLAIR,bwakemanbr@phpbb.com,,,Female,2020-04-03 17:25:49,American black bear
Diazepam,sgayton37@shutterfly.com,,,Male,2020-07-09 15:42:39,"Fox, crab-eating"
Monistat 1 Combination Pack,aebanks66@adobe.com,,,Female,2020-05-17 04:28:08,Superb starling
Dopamine Hydrochloride and Dextrose,vmalthusib@nhs.uk,,,Male,2020-09-27 04:46:22,Painted stork
Saccharomyces cerevisiae,aainslie85@webeden.co.uk,,,Female,2020-10-27 19:30:05,Vine snake (unidentified)
Hydrocortisone Maximum Strength,rmurphyrf@telegraph.co.uk,,,Female,2020-04-11 09:27:26,Painted stork
sunmark omeprazole,fdarraghod@ebay.co.uk,,,Female,2020-08-07 02:44:27,"Hyena, brown"
Bleomycin,gdudden38@webmd.com,,,Female,2020-05-11 15:45:50,"Hyena, brown"
CAULOPHYLLUM THALICTROIDES,dheld2l@blogtalkradio.com,,,Female,2019-12-14 13:30:23,Javan gold-spotted mongoose
medroxyprogesterone acetate,winskoqb@reverbnation.com,,,Male,2020-04-03 12:11:19,Spectacled caiman
Pain Relief,ebendleyf1@chronoengine.com,,,Female,2020-10-18 15:38:20,Stanley bustard
Ultramicrosize Griseofulvin,lverne2a@vimeo.com,,,Female,2020-06-29 00:10:09,Stanley bustard
Donepezil Hydrochloride,aainslie85@webeden.co.uk,,,Male,2020-07-28 05:23:16,"Fox, crab-eating"
Potassium Chloride in Dextrose and Sodium Chloride,tgrelkabn@who.int,,,Female,2020-03-17 08:57:41,"Hyena, brown"
ZOOBY,gtiliorm@furl.net,,,Female,2020-03-23 07:26:57,Stanley bustard
Mineral oil,mbradtkegv@tumblr.com,,,Female,2020-10-27 08:51:47,Superb starling
GLYCOPYRROLATE,kdenisardre@epa.gov,,,Male,2020-08-30 20:35:16,Superb starling
Western Family Complete Whitening,auttridge1p@myspace.com,,,Male,2020-09-09 23:59:04,American black bear
Lorazepam,agettinsmu@weibo.com,,,Female,2020-01-15 03:20:33,"Hyena, brown"
Triple Antibiotic,gdudden38@webmd.com,,,Female,2020-02-29 06:41:33,"Fox, crab-eating"
meloxicam,lbilham4@mozilla.com,,,Male,2020-01-16 09:40:58,Vine snake (unidentified)
Anti-Bacterial Hand,csissondl@sourceforge.net,,,Male,2020-03-22 17:46:09,Painted stork
Etidronate Disodium,sladelhm@oracle.com,,,Male,2020-06-11 23:54:41,Javan gold-spotted mongoose
Pain Relief PM,tmcgrowtherrd@house.gov,,,Male,2020-02-27 11:53:35,Spectacled caiman
Banophen,ebendleyf1@chronoengine.com,,,Male,2019-12-19 14:39:30,"Fox, crab-eating"
Candida Plus,ichattdc@merriam-webster.com,,,Female,2020-03-03 14:06:27,"Fox, crab-eating"
Arnica Retina,ldugganos@youku.com,,,Male,2020-07-06 21:29:37,Javan gold-spotted mongoose
ERYTHROMYCIN,ralexandermq@tripadvisor.com,,,Female,2020-06-01 20:16:51,Stanley bustard
POPULUS DELTOIDES POLLEN,ckerrodew@symantec.com,,,Female,2020-05-14 19:45:54,"Hyena, brown"
Platinum Cichorium,amongetqu@wp.com,,,Male,2020-07-10 01:54:28,Vine snake (unidentified)
NICORETTE,strowler9h@princeton.edu,,,Male,2020-02-18 16:14:50,"Fox, crab-eating"
Traumeel,pvalliskm@cpanel.net,,,Female,2019-12-26 17:45:15,Painted stork
Cefotaxime,mcoupman9b@indiatimes.com,,,Female,2020-09-04 13:55:03,Vine snake (unidentified)
Gabapentin,tmillottqf@1und1.de,,,Male,2020-01-13 08:36:28,Javan gold-spotted mongoose
Nervous Cough,ebrendekeqd@skyrock.com,,,Female,2020-05-14 09:44:26,Painted stork
Penicillin V Potassium,jbrauninger4o@woothemes.com,,,Male,2020-10-14 20:53:03,Superb starling
Amazonian Clay BB Tinted Moisturizer Broad Spectrum SPF 20 Sunscreen,rbirmingham4w@blinklist.com,,,Female,2020-07-26 06:25:10,American black bear
FACE IT RADIANCE POWDER PACT SPF25 MOISTURE VEIL NB17,mcoupman9b@indiatimes.com,,,Male,2020-08-06 06:09:35,"Fox, crab-eating"
Pegasys,vsowdenq8@so-net.ne.jp,,,Male,2020-06-11 09:03:31,"Hyena, brown"
Amlodipine and Benazepril Hydrochloride,wtreagust5e@ocn.ne.jp,,,Female,2020-03-12 07:54:11,Stanley bustard
Medpride,cwicken2t@usnews.com,,,Male,2020-04-04 11:21:27,"Mouse, four-striped grass"
Monistat 3 Combination Pack,hledford8r@friendfeed.com,,,Female,2020-05-10 07:17:16,Superb starling
Coralite Pain Relief,ekuhne3v@admin.ch,,,Female,2020-08-26 06:51:01,Stanley bustard
No7 Stay Perfect Foundation Sunscreen SPF 15 Mocha,lkinnarlt@issuu.com,,,Female,2020-06-11 09:06:15,Javan gold-spotted mongoose
Promethazine Hydrochloride,klockwoodq0@over-blog.com,,,Male,2020-10-10 04:37:04,"Fox, crab-eating"
Ibuprofen,tllewellynok@alexa.com,,,Female,2020-08-15 17:59:06,Spectacled caiman
SNAYTOX EYE AND LIP,ckeig6p@ycombinator.com,,,Female,2019-12-25 06:09:15,Spectacled caiman
CELEBREX,lscotchmuru@tuttocitta.it,,,Female,2020-01-07 09:38:35,American black bear
Kroger Medicated Wipes,kwoodthorpe8g@pcworld.com,,,Male,2020-10-07 19:12:44,"Fox, crab-eating"
A Mold Mixture,otrittonm0@ca.gov,,,Male,2020-09-19 01:56:52,Vine snake (unidentified)
Asepxia,gpalfreyman25@fema.gov,,,Male,2019-12-05 07:12:55,American black bear
Acyclovir,jthiemekq@networksolutions.com,,,Female,2019-11-06 10:57:13,Vine snake (unidentified)
bareMinerals READY Touch Up Veil Broad Spectrum SPF 15,aturfs7l@google.co.jp,,,Female,2020-05-04 21:30:51,"Fox, crab-eating"
Dog Fennel,mbrace16@amazon.de,,,Female,2020-04-29 21:35:25,American black bear
Potassium Chloride,troakesdh@bloglovin.com,,,Male,2020-04-15 02:14:14,Superb starling
Gelato Topical Anesthetic,dgowansonh5@moonfruit.com,,,Male,2019-12-23 03:06:17,Superb starling
Pramoxine hydrochloride,kfranchi83@woothemes.com,,,Male,2020-03-10 01:00:04,"Fox, crab-eating"
azithromycin,ncarman45@theglobeandmail.com,,,Male,2020-09-16 13:42:00,"Mouse, four-striped grass"
Rutin,winskoqb@reverbnation.com,,,Male,2020-02-28 13:14:54,Superb starling
Leader,rbirmingham4w@blinklist.com,,,Male,2020-01-24 23:26:55,Stanley bustard
aspirin,cportressnb@techcrunch.com,,,Male,2020-10-14 14:12:03,Superb starling
pain relief,agundry5d@eepurl.com,,,Male,2020-09-21 01:22:06,Superb starling
Cosmegen,tburdecq@webnode.com,,,Female,2020-04-21 14:05:27,"Mouse, four-striped grass"
AIR COMPRESSED,cingleton4z@altervista.org,,,Male,2020-06-03 11:18:24,American black bear
Aurum Olibanum Myrrha,mbullerwell7d@simplemachines.org,,,Female,2020-01-30 14:48:30,American black bear
alcohol,awhorall1t@pen.io,,,Male,2019-12-20 20:32:34,Stanley bustard
Instant Hand Sanitizer with Moisturizers Aloe Scented,wandryushinns@timesonline.co.uk,,,Female,2019-12-22 18:13:41,American black bear
Prednisone,vsteer50@weebly.com,,,Male,2020-07-01 00:09:42,Spectacled caiman
Coconut,ebrookingjj@bravesites.com,,,Male,2020-07-04 13:51:08,"Hyena, brown"
MK Povidone-Iodine Swabstick Sterile,lvlasenko5s@patch.com,,,Female,2020-09-24 07:02:59,"Hyena, brown"
QS Plus Hand Sanitizing Wipes,dwanell5n@moonfruit.com,,,Male,2020-02-29 16:08:25,Vine snake (unidentified)
smart sense multi symptom cold,gpegrampe@xing.com,,,Female,2020-06-04 21:57:32,Javan gold-spotted mongoose
Imipenem and Cilastatin,gbenmorege@desdev.cn,,,Male,2020-02-02 06:30:39,Javan gold-spotted mongoose
METFORMIN HYDROCHLORIDE,pkeenornk@ovh.net,,,Male,2020-10-14 01:36:03,American black bear
ESIKA Extreme Moisturizing SPF 16,dpavier6j@photobucket.com,,,Male,2020-09-29 10:27:23,American black bear
NEXT 1 Anti-bacterial,rredd61@addtoany.com,,,Female,2020-10-25 23:22:32,American black bear
Xyzal,tmcilrathme@vk.com,,,Male,2019-12-05 17:44:08,Vine snake (unidentified)
Zippity Doos,shartasql@webmd.com,,,Male,2020-04-01 04:50:06,Painted stork
Up and Up all day allergy relief d,nmackelworth98@wufoo.com,,,Male,2020-05-17 19:17:22,Superb starling
CVS Vanishing Scent Muscle Rub,rcrickettq4@marriott.com,,,Female,2020-03-08 04:21:45,American black bear
BENZACLIN,aswalowek9@virginia.edu,,,Female,2020-10-12 01:36:17,American black bear
PINUS STROBUS POLLEN,krandalstonhj@rakuten.co.jp,,,Female,2020-05-01 18:22:01,American black bear
Phenazopyridine HCl,gcasteroufs@dmoz.org,,,Male,2020-04-02 07:19:00,"Hyena, brown"
PATANASE,aarnalldf@narod.ru,,,Female,2019-11-26 15:15:18,"Hyena, brown"
Flu RELIEF,veye3w@bing.com,,,Male,2020-08-06 11:46:01,Stanley bustard
Childrens Cough and Cold RELIEF,mnulty56@google.cn,,,Female,2020-01-05 08:32:58,"Hyena, brown"
Nifedipine,emoiri0@php.net,,,Male,2020-02-16 23:23:02,"Hyena, brown"
MATTE MOISTURE TINT SUNSCREEN BROAD SPECTRUM SPF 15,dstorrar7r@unc.edu,,,Female,2020-10-09 13:52:17,"Fox, crab-eating"
Cold Multi-Symptom Daytime Nighttime,iwarlock2j@github.io,,,Male,2020-03-17 15:05:13,Stanley bustard
Ulta Red Raspberry Anti-Bacterial Deep Cleansing,cmoreman6r@infoseek.co.jp,,,Male,2020-01-21 00:59:07,American black bear
Caraway Seed,lsebbornhy@mediafire.com,,,Male,2020-07-27 23:40:02,Spectacled caiman
Wakefern,jbrauninger4o@woothemes.com,,,Male,2020-07-24 03:10:32,"Fox, crab-eating"
Mycophenolate Mofetil,aseakings6q@biglobe.ne.jp,,,Male,2019-12-11 12:17:35,"Hyena, brown"
Pain Relieving,kpottlelz@de.vu,,,Male,2019-11-09 21:36:02,Spectacled caiman
Mometasone Furoate,escaice4g@cisco.com,,,Male,2020-01-04 00:21:58,Javan gold-spotted mongoose
ZALEPLON,estidworthyqz@who.int,,,Male,2020-05-14 12:15:14,"Hyena, brown"
Extra Strength Headache Relief,ykeachlf@weebly.com,,,Female,2020-08-30 08:06:08,Javan gold-spotted mongoose
Premarin,asibary64@nature.com,,,Male,2020-06-19 11:06:58,"Mouse, four-striped grass"
Metaxalone,estopfordm9@hugedomains.com,,,Female,2020-01-06 09:47:54,Painted stork
IPKN Moist and Firm BB 03 Light Medium,rbruinemann9u@pbs.org,,,Female,2020-04-01 14:40:25,Vine snake (unidentified)
Imiquimod,rcrickettq4@marriott.com,,,Female,2020-10-06 20:27:27,Painted stork
Risperidone,cbenley4f@sun.com,,,Female,2019-12-21 20:41:02,American black bear
DHC Salicylic Face Milk,ccasassa8m@apache.org,,,Female,2020-03-28 23:12:16,Painted stork
PreFol-DHA,edrydenpb@goo.ne.jp,,,Male,2020-04-26 13:16:35,Stanley bustard
Allerghin,dmaccostiganmb@google.co.jp,,,Male,2020-03-20 04:53:28,"Mouse, four-striped grass"
Childrens Mucus Relief Expectorant Grape,bgreenstedf7@cargocollective.com,,,Female,2020-08-25 03:43:17,Painted stork
Meloxicam,jlapidus5x@hp.com,,,Male,2020-01-08 11:42:13,Javan gold-spotted mongoose
potassium chloride,tmundle4c@barnesandnoble.com,,,Male,2020-02-12 22:30:43,Superb starling
Head and Shoulders,egaytonqq@ow.ly,,,Female,2020-08-03 10:54:42,"Hyena, brown"
AQUAFRESH,sjandles@jiathis.com,,,Male,2020-07-20 22:11:24,Spectacled caiman
Chlordiazepoxide Hydrochloride,twallheadg4@simplemachines.org,,,Female,2020-05-04 12:20:13,"Mouse, four-striped grass"
Ibuprofen,baronso@cbc.ca,,,Male,2020-02-16 10:00:29,Painted stork
Alphadine Scrub,cmcsperrin4j@springer.com,,,Female,2019-11-05 01:18:26,Painted stork
Amlodipine Besylate and Benazepril Hydrochloride,ebrookingjj@bravesites.com,,,Male,2020-04-29 07:43:33,"Fox, crab-eating"
clear lax,dwanell5n@moonfruit.com,,,Female,2020-10-17 16:30:50,"Mouse, four-striped grass"
ropinirole hydrochloride,tadriaan6u@pbs.org,,,Female,2020-04-02 21:58:35,Painted stork
Stool Softener,jerwin6n@unicef.org,,,Female,2020-04-06 09:00:19,Spectacled caiman
Bio Sweet Chestnut,mdand8@over-blog.com,,,Female,2020-01-13 08:19:11,"Mouse, four-striped grass"
Phoma glomerata,bmoyerqt@ted.com,,,Male,2020-10-04 04:03:42,"Fox, crab-eating"
Loperamide Hydrochloride,ichattdc@merriam-webster.com,,,Female,2019-11-17 21:36:42,Javan gold-spotted mongoose
Adipex-P,moverthrowb6@macromedia.com,,,Female,2020-02-27 06:51:46,Spectacled caiman
Paroxetine,ndroughtnn@imageshack.us,,,Female,2019-11-06 21:10:57,Superb starling
Sulfamethoxazole and Trimethoprim,mbullerwell7d@simplemachines.org,,,Female,2020-07-02 18:43:37,Painted stork
TripleComplex Slimmers Assist,ktartoo@wsj.com,,,Female,2020-06-06 02:53:53,American black bear
Perfect Sleep,tmundle4c@barnesandnoble.com,,,Male,2019-11-25 03:32:10,Spectacled caiman
Childrens Benadryl Itch Cooling,kelliffgi@techcrunch.com,,,Female,2020-09-12 13:41:22,"Hyena, brown"
Schein Triple Antibiotic,lgoacherqe@tamu.edu,,,Female,2020-09-22 04:03:29,"Mouse, four-striped grass"
Axe,rchesonai@jalbum.net,,,Male,2019-12-22 22:45:08,Javan gold-spotted mongoose
Hydromorphone Hydrochloride,aturfs7l@google.co.jp,,,Male,2020-02-05 16:31:26,Spectacled caiman
Suave,swhyke60@mit.edu,,,Female,2020-06-26 19:19:44,Stanley bustard
Ongo - Fin,edunford5i@techcrunch.com,,,Male,2020-05-21 23:31:21,Superb starling
Topcare hemorrhoidal,ayakunchikovmx@mashable.com,,,Female,2020-07-24 03:20:52,Javan gold-spotted mongoose
Clindamycin Hydrochloride,ngrundonhb@ox.ac.uk,,,Female,2019-12-11 15:49:21,"Hyena, brown"
CETIRI D,rredd61@addtoany.com,,,Male,2020-08-04 10:09:12,"Mouse, four-striped grass"
BP Wash,ccutajarmy@youku.com,,,Female,2020-03-08 04:55:05,Vine snake (unidentified)
Dobutamine Hydrochloride in Dextrose,jvanpp@accuweather.com,,,Male,2020-07-28 15:12:59,"Hyena, brown"
Bupivacaine Hydrochloride,bnoye3q@reddit.com,,,Female,2020-04-07 07:57:35,"Fox, crab-eating"
Bilboa Capri Sunscreen SPF 30,ptessingtongt@shinystat.com,,,Male,2020-10-02 00:58:33,Painted stork
Azithromycin,pgarnsworth9x@constantcontact.com,,,Male,2020-05-20 20:09:18,American black bear
Theracodeine-300,alytton5o@cpanel.net,,,Female,2019-11-09 14:39:44,"Hyena, brown"
lansoprazole,dfranzpt@tumblr.com,,,Female,2020-07-12 23:51:45,Painted stork
Pain and Fever,sjermyy@nba.com,,,Female,2020-06-24 06:19:13,"Hyena, brown"
Bisoprolol Fumarate,hmohammed9n@ameblo.jp,,,Female,2020-01-22 16:34:49,"Fox, crab-eating"
Hydroxyzine Pamoate,alytton5o@cpanel.net,,,Male,2020-08-14 10:20:38,"Fox, crab-eating"
ESIKA,lbrazierrh@people.com.cn,,,Female,2020-04-13 10:40:38,Stanley bustard
Amitriptyline Hydrochloride,cbenley4f@sun.com,,,Female,2020-04-29 22:59:24,"Hyena, brown"
risperidone,ldowbigginkz@sogou.com,,,Male,2020-05-24 06:49:25,"Mouse, four-striped grass"
Indomethacin,kchestonox@amazon.co.jp,,,Male,2020-03-23 07:23:11,Spectacled caiman
Lipitor,ebrendekeqd@skyrock.com,,,Female,2020-03-06 10:20:50,"Hyena, brown"
RITE AID RENEWAL,lmaldenc6@pinterest.com,,,Female,2020-06-28 23:56:21,Javan gold-spotted mongoose
Medique Medi-lax,dgowansonh5@moonfruit.com,,,Male,2020-05-08 11:30:17,"Fox, crab-eating"
Ciprofloxacin,wyakunchikovin@alibaba.com,,,Male,2020-05-20 19:15:35,"Fox, crab-eating"
HYDROXYZINE PAMOATE,krandalstonhj@rakuten.co.jp,,,Female,2020-04-16 15:27:02,"Hyena, brown"
SHISEIDO ADVANCED HYDRO-LIQUID COMPACT (REFILL),cwicken2t@usnews.com,,,Male,2020-04-06 14:26:54,Vine snake (unidentified)
"Acetaminophen, Phenylephrine Hydrochloride",cruprichn4@skype.com,,,Female,2020-05-28 10:42:30,"Fox, crab-eating"
Ibuprofen,pabramowfb@etsy.com,,,Male,2020-01-23 23:43:48,American black bear
Fentanyl,hlammerichp9@oakley.com,,,Female,2020-10-13 10:11:13,Painted stork
Lamivudine and Zidovudine,iloukesiu@abc.net.au,,,Female,2019-11-14 19:03:25,Superb starling
Complete Allergy 4 Kids,hmackaiglb@vimeo.com,,,Female,2020-08-23 17:03:01,Superb starling
AZITHROMYCIN,veye3w@bing.com,,,Female,2019-12-16 13:52:41,"Mouse, four-striped grass"
TOPROL,cphilipp12@bbb.org,,,Female,2020-04-19 18:42:50,Spectacled caiman
DRONABINOL,tebbageh2@so-net.ne.jp,,,Female,2019-11-08 18:04:38,"Hyena, brown"
LBEL,ereallye@nasa.gov,,,Male,2020-05-07 16:22:17,Javan gold-spotted mongoose
INTELLIGENT BEAUTY LABS Age Defying Day Broad Spectrum SPF 20,pvandrill4l@columbia.edu,,,Male,2020-01-21 16:08:44,"Mouse, four-striped grass"
EPICOCCUM NIGRUM,acrick8s@hud.gov,,,Female,2020-09-19 12:25:48,Stanley bustard
Pioglitazone,mnulty56@google.cn,,,Female,2020-05-13 21:14:16,"Fox, crab-eating"
Instant Hand Sanitizer - Ice Clear,calsoppl0@prweb.com,,,Female,2020-02-24 09:25:36,Painted stork
sotalol hydrochloride,nhuttongs@weebly.com,,,Male,2020-03-22 07:43:43,"Fox, crab-eating"
Diflunisal,lbronotmw@topsy.com,,,Male,2020-07-11 16:39:36,Javan gold-spotted mongoose
Olanzapine,bshuttlehn@mac.com,,,Male,2019-12-10 17:35:22,"Fox, crab-eating"
Extra Strength QPAP,mcucuzza59@google.ru,,,Female,2020-09-19 14:36:33,Spectacled caiman
Anastrozole,bgellanji@businesswire.com,,,Female,2020-09-12 12:14:40,Vine snake (unidentified)
Quinapril Hydrochloride,mhustondz@ameblo.jp,,,Female,2020-10-15 01:05:39,"Fox, crab-eating"
Roxicodone,cpickthallcs@multiply.com,,,Female,2020-10-06 20:07:11,Painted stork
Zylast XP Antiseptic,mabbapz@craigslist.org,,,Female,2020-01-11 18:04:24,"Hyena, brown"
Terazosin Hydrochloride,casgodbyez@goodreads.com,,,Female,2020-05-30 03:07:57,Javan gold-spotted mongoose
Benazepril Hydrochloride,npiser4d@ox.ac.uk,,,Female,2020-01-15 07:15:44,Painted stork
Atorvastatin Calcium,rmabbottk1@a8.net,,,Female,2020-05-14 17:09:21,Spectacled caiman
Mucor plumbeus,jmeynellky@disqus.com,,,Female,2020-07-30 03:08:39,Stanley bustard
Diazepam,rdawtrey7m@alexa.com,,,Male,2020-04-01 08:50:44,Spectacled caiman
BETAXOLOL HYDROCHLORIDE,bfrancklynen@hao123.com,,,Female,2020-07-09 00:26:10,Stanley bustard
Keflex,egillfordgb@indiatimes.com,,,Male,2020-02-06 10:12:20,Superb starling
Birch,lmaldenc6@pinterest.com,,,Female,2020-06-20 22:55:18,Spectacled caiman
AHC Vital C Complex Mask,fmaudett22@moonfruit.com,,,Male,2020-07-30 08:03:17,Painted stork
Hydralazine Hydrochloride,cbowshiregq@intel.com,,,Female,2020-07-23 04:38:30,Javan gold-spotted mongoose
CD DIORSNOW White Reveal Fresh Transparency Liquid Foundation with Sunscreen Broad Spectrum SPF 30 021,cfaulkener99@goodreads.com,,,Male,2020-04-26 14:09:14,Spectacled caiman
Comfort,dmcgralefx@bbb.org,,,Male,2020-08-19 17:23:33,American black bear
Fexofenadine HCl,grosiello3u@stumbleupon.com,,,Male,2020-01-07 09:45:34,Painted stork
topcare feminine,cbradd9l@merriam-webster.com,,,Female,2019-12-02 23:24:47,Vine snake (unidentified)
Metronidazole,pmowbrayhu@printfriendly.com,,,Female,2020-01-07 15:16:32,Vine snake (unidentified)
MicroKlenz Antimicrobial,tsootbv@posterous.com,,,Female,2020-04-18 04:39:41,Superb starling
dg health flu and severe cold and cough,wgartellr7@psu.edu,,,Female,2019-12-21 22:43:02,Spectacled caiman
Dermectin Sunscreen,kjigginsl5@google.co.uk,,,Male,2020-09-30 21:26:11,Superb starling
Mineral Oil Lubricant Laxative,acrick8s@hud.gov,,,Female,2020-10-24 03:45:45,Superb starling
Extra Strength Pain Relief,jissitth3@army.mil,,,Female,2020-08-06 11:29:04,Vine snake (unidentified)
CLADOSPORIUM CLADOSPORIOIDES,mwakemanri@pinterest.com,,,Female,2019-11-10 07:35:43,Vine snake (unidentified)
topiramate,fdietzlerf9@netvibes.com,,,Female,2019-11-13 02:43:44,"Fox, crab-eating"
Oxygen,lkeattch8f@cnet.com,,,Female,2020-09-21 10:34:30,Painted stork
Sof Skin Icy Blue,rblonfielda0@whitehouse.gov,,,Female,2019-11-17 19:38:31,Stanley bustard
EcoDent Ultimate Essential Mouthcare,bhousamanft@deliciousdays.com,,,Female,2020-08-10 08:36:16,Stanley bustard
ESIKA,cconeybeerfi@opensource.org,,,Male,2020-03-25 13:16:36,"Mouse, four-striped grass"
CLARINS Ever Matte SPF 15 - 103 Ivory,tgreatorexbt@house.gov,,,Female,2020-07-14 16:37:57,"Hyena, brown"
Diclofenac Sodium,murwenj7@deliciousdays.com,,,Female,2019-12-19 19:37:07,Javan gold-spotted mongoose
Polyethylene Glycol 3350,mcoppockn0@utexas.edu,,,Male,2020-07-11 14:46:42,Superb starling
Cough - Asthma,mcucuzza59@google.ru,,,Female,2020-03-22 16:23:36,Vine snake (unidentified)
Doxycycline,acaddenskp@mail.ru,,,Female,2020-07-29 16:53:33,"Fox, crab-eating"
LETROZOLE,uosipenko4t@woothemes.com,,,Female,2020-09-23 19:56:07,"Fox, crab-eating"
Metoprolol Tartrate and Hydrochlorothiazide,gdudden38@webmd.com,,,Female,2020-06-22 19:26:41,Spectacled caiman
Sunmark Nasal,hmcevayk3@adobe.com,,,Female,2020-10-12 16:36:14,"Mouse, four-striped grass"
Cefprozil,sjudeif@whitehouse.gov,,,Male,2020-04-26 09:52:53,Javan gold-spotted mongoose
Clorazepate dipotassium,veye3w@bing.com,,,Male,2020-09-24 18:53:04,American black bear
CareOne Daily Moisturizer Broad Spectrum SPF15 Sunscreen,mlongoaw@comcast.net,,,Female,2020-09-09 05:33:40,Stanley bustard
Benazepril Hydrochloride and Hydrochlorothiazide,mrosettiniam@webs.com,,,Male,2020-03-15 21:05:12,Javan gold-spotted mongoose
Loesch Hair Regrowth Formula,rbruinemann9u@pbs.org,,,Female,2020-08-13 22:42:06,Stanley bustard
Venlafaxine hydrochloride,lroubay84@usda.gov,,,Male,2020-04-25 10:20:49,Stanley bustard
Isopropyl alcohol,jriviliscl@cnn.com,,,Male,2020-04-14 10:43:13,American black bear
CD HydraLife BB Creme Enhancing Sunscreen Moisturizer For Immediate Beauty Sunny Amber Broad Spectrum SPF 30,ggaishfj@histats.com,,,Male,2020-02-17 11:24:32,Vine snake (unidentified)
Oxygen,gofallone21@typepad.com,,,Female,2020-06-19 05:55:07,Vine snake (unidentified)
EpiPen Jr,lsharphurstih@intel.com,,,Male,2020-10-14 13:27:02,Stanley bustard
Injury Topical,kshooteri5@jigsy.com,,,Female,2019-10-29 16:10:41,Javan gold-spotted mongoose
SHISEIDO UV PROTECTIVE COMPACT (REFILL),mfairholme8z@nationalgeographic.com,,,Male,2020-03-24 17:43:59,Spectacled caiman
Amlodipine and Benazepril Hydrochloride,creichertbp@biglobe.ne.jp,,,Female,2020-03-19 21:39:22,Spectacled caiman
Ursodiol,dstaresn7@bandcamp.com,,,Female,2020-09-05 16:33:07,American black bear
Lorazepam,ddee4m@harvard.edu,,,Female,2020-04-19 15:54:12,Stanley bustard
Amlodipine besylate/atorvastatin calcium,ggherardih8@theatlantic.com,,,Male,2020-01-11 03:54:46,"Fox, crab-eating"
Travatan Z,ubircherdp@artisteer.com,,,Male,2020-06-17 16:39:38,Javan gold-spotted mongoose
PM pain reliever,desseryjm@blogger.com,,,Female,2020-05-31 04:11:01,Spectacled caiman
Bupivacaine HCl,tmcmillanea@webnode.com,,,Female,2020-09-14 04:17:17,"Fox, crab-eating"
Banana Boat Kids Tear Free Sunscreen SPF 60,bsimmans6e@utexas.edu,,,Female,2020-06-04 13:35:26,Javan gold-spotted mongoose
Cefdinir,cradbourneel@cbslocal.com,,,Male,2020-05-11 19:49:35,"Mouse, four-striped grass"
DELFLEX,lautin8c@china.com.cn,,,Male,2020-07-27 19:41:04,Painted stork
Quetiapine fumarate,cambroixdk@ezinearticles.com,,,Male,2020-07-08 00:44:24,"Hyena, brown"
BIVIGAM,hjerrimnj@wiley.com,,,Male,2020-07-07 00:15:46,"Mouse, four-striped grass"
FOSINOPRIL SODIUM,wtrehearne93@google.fr,,,Male,2020-09-07 05:33:52,"Hyena, brown"
Viagra,lsteedmanqa@msn.com,,,Male,2019-11-25 08:10:14,"Hyena, brown"
Kadian,mfoulgerg7@4shared.com,,,Female,2020-03-29 02:44:22,Spectacled caiman
"Dextroamphetamine Saccharate, Amphetamine Aspartate, Dextroamphetamine Sulfate and Amphetamine Sulfate",ayakunchikovmx@mashable.com,,,Male,2019-10-31 08:07:26,Stanley bustard
Dry Scalp,mcucuzza59@google.ru,,,Male,2020-06-06 01:46:39,Javan gold-spotted mongoose
Fluocinolone Acetonide,aedinboroughnx@nationalgeographic.com,,,Male,2020-04-25 12:38:29,Vine snake (unidentified)
Amlodipine besylate and Atorvastatin calcium,mpheazeyeb@va.gov,,,Male,2020-10-18 00:46:57,"Fox, crab-eating"
Acetylcysteine,kcheco6l@army.mil,,,Male,2020-07-28 04:11:53,American black bear
Carvedilol,wtreagust5e@ocn.ne.jp,,,Male,2019-12-06 09:45:21,"Hyena, brown"
Virginia Live Oak,dfranzpt@tumblr.com,,,Male,2019-12-24 23:02:37,"Hyena, brown"
Dexamethasone Sodium Phosphate,dboshier40@mashable.com,,,Male,2020-10-18 05:15:13,Spectacled caiman
Digoxin,edoerfferfa@drupal.org,,,Female,2019-12-15 02:47:31,Painted stork
Omeprazole,jgawthropeom@e-recht24.de,,,Male,2020-10-10 09:12:50,"Mouse, four-striped grass"
Wheat Bunt,wgartellr7@psu.edu,,,Female,2020-06-29 12:39:09,American black bear
Benazepril Hydrochloride,bcolliard95@gizmodo.com,,,Female,2020-01-01 21:13:43,American black bear
Potassium Chloride,arattenberiem4@infoseek.co.jp,,,Male,2020-02-19 05:18:47,"Fox, crab-eating"
LBEL NATURAL FINISH MOISTURIZING FOUNDATION SPF 25,otrittonm0@ca.gov,,,Male,2020-10-20 23:32:28,Stanley bustard
Isopto Carbachol,nstannett5q@storify.com,,,Female,2020-10-04 14:48:19,Stanley bustard
HYDRATING HEALING,aplewrighti9@wikia.com,,,Male,2020-07-29 11:43:25,"Hyena, brown"
Axe,hkeldb1@opera.com,,,Female,2019-12-02 14:40:00,Stanley bustard
Geodon,nmackelworth98@wufoo.com,,,Female,2020-09-16 15:47:27,"Mouse, four-striped grass"
Promethazine Hydrochloride,imacellarj@wix.com,,,Male,2019-12-11 03:41:25,Superb starling
HAND SANITIZER,lchartresle@webnode.com,,,Female,2020-07-02 20:24:48,"Hyena, brown"
Lyrica,rmurphyrf@telegraph.co.uk,,,Female,2020-05-15 02:00:03,Javan gold-spotted mongoose
Carvedilol,pgebuhr1y@reuters.com,,,Male,2020-03-16 00:54:32,Javan gold-spotted mongoose
ALLERGY,chirsthousebq@reuters.com,,,Female,2020-04-13 21:58:39,Spectacled caiman
Morphine sulfate,pwearingfo@ucoz.com,,,Male,2020-06-26 09:24:01,Painted stork
USTILAGO TRITICI,mbrace16@amazon.de,,,Male,2019-11-02 04:28:48,Painted stork
Laser Rejuvenation,mcureed@dion.ne.jp,,,Female,2020-05-03 23:50:55,Superb starling
Alprazolam,fkitneyop@soup.io,,,Female,2019-12-04 22:35:11,"Mouse, four-striped grass"
Ketorolac Tromethamine,bmoralesqp@list-manage.com,,,Male,2020-03-27 03:13:00,Spectacled caiman
Atenolol,ykeachlf@weebly.com,,,Male,2020-07-31 09:06:11,Stanley bustard
Renagel,uosipenko4t@woothemes.com,,,Male,2020-05-30 04:22:22,Superb starling
Frankincense and Myrrh Cold and Flu Prevention,kfredsonkc@last.fm,,,Male,2020-07-22 19:17:45,Stanley bustard
Neutrogena Nourishing Eye Quad,hpoon6x@geocities.com,,,Male,2020-02-07 03:46:19,Vine snake (unidentified)
Furosemide,cwicken2t@usnews.com,,,Female,2020-08-23 10:14:57,Spectacled caiman
Humulin,otesauroe3@wikipedia.org,,,Female,2020-09-15 21:23:18,Painted stork
"Animal Allergens, Feather Mix",tmundle4c@barnesandnoble.com,,,Male,2019-11-05 09:50:38,"Mouse, four-striped grass"
HCG with Slimming Herbs,obartkiewicz73@xing.com,,,Female,2020-07-14 00:24:59,"Mouse, four-striped grass"
Paroxetine,bgruszkaf0@businesswire.com,,,Female,2020-03-08 07:41:00,Superb starling
Good Neighbor Pharmacy Diaper Rash,azoellnerbc@shutterfly.com,,,Male,2020-02-10 08:58:01,Spectacled caiman
American Elm,pkeenornk@ovh.net,,,Male,2020-10-22 08:48:30,Superb starling
Vaginitis - Feminine Care,mlodeke80@wunderground.com,,,Female,2020-05-10 04:02:56,American black bear
Cyproheptadine Hydrochloride,estidworthyqz@who.int,,,Female,2020-05-21 05:14:09,"Hyena, brown"
Version X Scalp Tonic,fmartilldy@eepurl.com,,,Male,2020-06-16 16:54:23,Stanley bustard
SALIX NIGRA POLLEN,tmcgrowtherrd@house.gov,,,Female,2020-10-04 22:20:05,Painted stork
Oxygen,fmcmarquis53@fema.gov,,,Female,2020-05-30 06:42:04,Javan gold-spotted mongoose
Risperidone,ldoggettkw@pagesperso-orange.fr,,,Female,2019-11-26 09:43:59,"Fox, crab-eating"
Antispetic,rgregoracibl@chicagotribune.com,,,Female,2020-07-04 11:52:31,Painted stork
MultiHance,pvanbf@ihg.com,,,Female,2020-08-25 02:45:28,"Fox, crab-eating"
Non-Aerosol Antimicrobial Foam Hand Rub,jdurrant4x@ehow.com,,,Male,2020-08-11 00:33:33,"Mouse, four-striped grass"
Zinka Watermelon SPF 15 Lip Balm,mfoulgerg7@4shared.com,,,Female,2019-11-07 22:15:12,Vine snake (unidentified)
Diazepam,dfranzpt@tumblr.com,,,Female,2020-05-14 12:09:50,"Fox, crab-eating"
Clindamycin hydrochloride,lcrambab@topsy.com,,,Male,2020-09-28 21:11:50,"Hyena, brown"
PEGINTRON,myakubovics68@artisteer.com,,,Female,2020-04-17 09:54:11,Javan gold-spotted mongoose
"Lansoprazole, Amoxicillin and Clarithromycin",fsumersmo@liveinternet.ru,,,Male,2020-04-18 02:15:48,Javan gold-spotted mongoose
REMERON,rmckewrq@aol.com,,,Male,2020-03-22 00:04:28,Javan gold-spotted mongoose
AMERFRESH ANTIBACTERIAL DEODORANT,csinkinsonh@cyberchimps.com,,,Female,2020-03-14 03:41:19,Superb starling
Aveeno Active Naturals Positively Ageless Correcting Tinted Moisturizer,tadriaan6u@pbs.org,,,Male,2020-08-08 15:18:04,"Mouse, four-striped grass"
Fentanyl,cpanterk6@statcounter.com,,,Female,2019-12-10 14:17:51,Stanley bustard
Instant Hand Sanitizer,hmackaiglb@vimeo.com,,,Female,2020-04-23 07:22:39,Javan gold-spotted mongoose
Nalbuphine Hydrochloride,vdeov@sciencedirect.com,,,Female,2020-07-02 07:09:52,"Mouse, four-striped grass"
Equaline pain relief,akeenlayside8l@163.com,,,Female,2020-10-09 05:57:54,American black bear
Cyclobenzaprine Hydrochloride,gmulmuraylw@walmart.com,,,Female,2020-01-02 20:53:20,Spectacled caiman
Pure Finish Mineral Powder Foundation SPF 20 Pure Finish 7,agoodbyf4@drupal.org,,,Female,2020-05-29 20:20:45,"Fox, crab-eating"
ZYPREXA,kbernardoso8@godaddy.com,,,Male,2019-12-08 05:34:55,Superb starling
Fluoxetine,gstreatleylx@blogs.com,,,Female,2020-06-16 18:51:56,Javan gold-spotted mongoose
METFORMIN HYDROCHLORIDE,mbentsonnp@google.com.au,,,Male,2020-07-28 20:49:40,American black bear
ZERIT,chansillfw@blinklist.com,,,Female,2020-04-02 10:55:27,American black bear
Carvedilol,jzaplenu@creativecommons.org,,,Male,2020-02-10 21:16:28,"Hyena, brown"
Stomach Relief,cokuddyhyl9@cnn.com,,,Male,2020-08-28 07:06:28,"Hyena, brown"
Secret Outlast and Olay,vjoliffeh9@bandcamp.com,,,Male,2019-11-23 06:10:48,Spectacled caiman
Reef Safe SPF 36,mlanninqn@squarespace.com,,,Female,2020-04-22 09:15:37,Spectacled caiman
ADSOL Red Cell Preservation Solution System in Plastic Container (PL 146 Plastic),ffrantzenay@uiuc.edu,,,Male,2019-11-07 12:39:14,"Mouse, four-striped grass"
ribavirin,mzisnerosd4@twitter.com,,,Female,2020-07-21 20:55:21,American black bear
Zihuadick,emcgivenf@bloglovin.com,,,Female,2019-11-22 10:24:40,Superb starling
Ampicillin,vmetherellmr@drupal.org,,,Male,2020-06-29 00:44:17,Painted stork
ZIT ZAPPER,dfoxtonjq@cpanel.net,,,Male,2020-06-24 20:02:06,American black bear
Sun Defense Cream,jeyrese5@weebly.com,,,Male,2020-09-23 14:02:27,Javan gold-spotted mongoose
Auvi-Q,cwellbelovepj@mozilla.org,,,Female,2020-03-03 19:33:16,"Fox, crab-eating"
Prochlorperazine Maleate,jhaggarn1@vimeo.com,,,Male,2020-06-05 19:35:37,American black bear
Equate Ranitidine Acid Reducer,ktrainor7x@msu.edu,,,Male,2020-10-19 02:25:54,Stanley bustard
Leader tussin dm max,rdennistonbs@wikipedia.org,,,Female,2020-06-20 13:02:56,Spectacled caiman
EQUALINE,jkeasleya2@1und1.de,,,Female,2020-02-24 03:58:32,Spectacled caiman
HEADACHE RHEUMATISM,estandringpi@umich.edu,,,Female,2019-12-29 13:20:19,"Fox, crab-eating"
Aspergillus flavus,vwillshee65@hp.com,,,Male,2020-06-14 13:33:26,Vine snake (unidentified)
Colgate Triple Action Original Mint Fluoride,dheld2l@blogtalkradio.com,,,Male,2020-10-08 21:35:55,American black bear
Clomipramine Hydrochloride,aglanz9v@disqus.com,,,Female,2020-04-01 08:57:28,"Hyena, brown"
Female Stimulant,mrosgen1b@gizmodo.com,,,Male,2020-09-11 15:26:18,Superb starling
Stool Softener,cweitzelrg@phoca.cz,,,Female,2020-04-12 07:57:31,Superb starling
Lantiseptic,fslowlyqm@tinypic.com,,,Female,2020-01-20 15:13:04,"Fox, crab-eating"
Anticavity,gbehrendsenhs@zimbio.com,,,Male,2020-09-05 07:05:36,Painted stork
Blue Ice Analgesic Gel,cdeec@newsvine.com,,,Female,2020-06-17 15:26:20,Painted stork
the Balm BalmShelter tinted moisturizer SPF 18 broad spectrum after dark,lverneqh@go.com,,,Female,2020-06-22 00:29:39,Superb starling
Clindamycin hydrochloride,estopfordm9@hugedomains.com,,,Female,2020-09-21 22:59:40,Javan gold-spotted mongoose
Metoprolol Tartrate,mhamblingg6@a8.net,,,Female,2020-04-17 14:50:05,American black bear
Tamsulosin hydrochloride,ghannigereq@spotify.com,,,Male,2020-01-05 23:15:35,Vine snake (unidentified)
Tamsulosin Hydrochloride,rdennistonbs@wikipedia.org,,,Male,2020-10-01 19:52:56,Painted stork
Kapok,ebeehoa@msn.com,,,Male,2020-04-24 19:16:42,Stanley bustard
Glimepiride,nmolnark@indiegogo.com,,,Female,2020-04-06 10:14:29,"Hyena, brown"
ShopRite Nasal Decongestant,sraine7a@nifty.com,,,Male,2020-07-29 06:49:30,"Hyena, brown"
bethanechol chloride,aedinboroughnx@nationalgeographic.com,,,Female,2020-06-20 21:26:54,Javan gold-spotted mongoose
Ocean Breeze Antibacterial Hand,rdawtrey7m@alexa.com,,,Female,2020-08-29 05:20:46,Javan gold-spotted mongoose
TRICHOPHYTON MENTAGROPHYTES,hkraussq2@facebook.com,,,Female,2020-03-16 02:37:18,Painted stork
McD Anti-Microbial Handwash,lsteedmanqa@msn.com,,,Male,2020-09-26 23:41:11,"Fox, crab-eating"
Imipramine Hydrochloride,tratnageeh@rediff.com,,,Male,2020-01-10 18:43:49,Painted stork
Dorzolamide HCl,elampettfz@wikimedia.org,,,Male,2020-04-14 19:46:53,American black bear
RHINOCORT AQUA,olowtherlv@baidu.com,,,Female,2019-12-03 09:41:05,Javan gold-spotted mongoose
PHAZYME,sgeilliere2@altervista.org,,,Male,2019-11-30 09:37:22,"Mouse, four-striped grass"
EPIFOAM,bmccrowah@altervista.org,,,Female,2020-07-04 15:58:05,"Hyena, brown"
Antibacterial,dmineghellic2@pcworld.com,,,Male,2020-09-07 00:01:04,"Hyena, brown"
flormar Soft Touch Foundation Sunscreen Broad Spectrum SPF 20 ST05 Warm Beige,espinozzijz@tiny.cc,,,Male,2020-08-19 16:35:51,"Hyena, brown"
Darby,ggammelki@goo.ne.jp,,,Male,2020-03-27 14:04:52,Javan gold-spotted mongoose
D TIME SINUS,jbrauninger4o@woothemes.com,,,Female,2020-03-14 00:30:53,"Fox, crab-eating"
Oxygen,atunacliftpd@dyndns.org,,,Female,2020-10-22 22:27:58,"Fox, crab-eating"
Lemon Zest Antibacterial Foaming Hand Wash,bferronel86@aol.com,,,Male,2019-11-08 16:26:36,"Hyena, brown"
Topcare tussin dm,tblaydqg@usatoday.com,,,Female,2020-09-09 20:50:17,Stanley bustard
pain relief,ewisedalenl@canalblog.com,,,Male,2020-03-20 14:20:39,Superb starling
La Creme Plus,tduddridgel3@ucsd.edu,,,Male,2020-03-24 11:25:27,American black bear
ALPROLIX,ckerfordbj@liveinternet.ru,,,Male,2020-06-10 03:20:01,American black bear
ESIKA,pabramowfb@etsy.com,,,Male,2020-04-01 17:55:42,"Mouse, four-striped grass"
Dill,lbohmanv@behance.net,,,Male,2020-08-21 00:32:43,"Fox, crab-eating"
verapamil hydrochloride,lsebbornhy@mediafire.com,,,Male,2020-06-05 07:23:26,Superb starling
LOESTRIN 1/20,abeauvaisj1@live.com,,,Male,2020-02-19 20:38:27,American black bear
LES BEIGES,cfaulkener99@goodreads.com,,,Female,2020-08-15 06:52:25,"Hyena, brown"
Viramune,strevankt@sfgate.com,,,Female,2020-01-17 16:11:52,Stanley bustard
LINGERIE DE PEAU INVISIBLE SKIN-FUSION FOUNDATION WITH SUNSCREEN BROAD SPECTRUM SPF 20 04 BEIGE MOYEN,pdown82@hao123.com,,,Male,2020-05-13 20:04:54,Vine snake (unidentified)
MINOXIDIL,gcasteroufs@dmoz.org,,,Male,2019-11-22 07:47:06,Spectacled caiman
Amazonian Clay 12-Hour Full Coverage Foundation Broad Spectrum SPF 15 Sunscreen,jrowlesj3@hubpages.com,,,Female,2020-07-01 05:16:33,Stanley bustard
Enteric Coated Low Dose Aspirin,dizachik6m@dmoz.org,,,Female,2020-03-28 00:49:03,Vine snake (unidentified)
ROSACLEAR SKIN BALANCING SUN PROTECTION SPF 30,evasicqs@prlog.org,,,Male,2020-01-11 18:59:11,Stanley bustard
LEVEL WINTERMINT FIVE WHITENING FORMULA ANTICAVITY,hguiotnt@cpanel.net,,,Male,2020-10-15 18:32:11,"Mouse, four-striped grass"
Hydralazine Hydrochloride,wgraffin9k@indiegogo.com,,,Male,2019-11-29 21:42:36,Stanley bustard
Hydroxyzine Hydrochloride,nmulles17@blinklist.com,,,Female,2020-09-08 01:35:45,Painted stork
Sodium Chloride,wcamidgez@51.la,,,Male,2020-07-29 08:22:56,American black bear
Abacavir Sulfate,tgreatorexbt@house.gov,,,Female,2020-01-25 11:53:46,Superb starling
Midazolam,lsharphurstih@intel.com,,,Female,2020-05-16 03:23:23,Painted stork
Hydrocodone Bitartrate and Acetaminophen,cphilipp12@bbb.org,,,Female,2020-06-03 17:46:23,Javan gold-spotted mongoose
Tolazamide,rcardoll@home.pl,,,Female,2020-01-08 03:52:07,Superb starling
Telmisartan and Amlodipine,vsowdenq8@so-net.ne.jp,,,Female,2020-09-14 13:33:51,Stanley bustard
PRAVACHOL,vsteer50@weebly.com,,,Female,2020-09-01 06:04:06,"Hyena, brown"
Levetiracetam,akemetby@hhs.gov,,,Male,2020-03-22 00:32:23,Stanley bustard
Glimepiride,hwelfairc1@globo.com,,,Male,2019-12-08 19:58:25,American black bear
Imipramine Hydrochloride,acrick8s@hud.gov,,,Male,2019-12-30 04:11:05,Javan gold-spotted mongoose
Biore,agailorjt@census.gov,,,Female,2019-11-24 11:15:25,Spectacled caiman
ESIKA TRIPLE ACCION MAX BB,afavelak5@linkedin.com,,,Female,2020-08-01 10:05:00,American black bear
Pistachio,lpfeffle5h@xrea.com,,,Female,2020-07-13 19:36:11,Vine snake (unidentified)
Allergy Relief D,abirkbyeo@usa.gov,,,Female,2020-06-05 15:21:43,"Mouse, four-striped grass"
HYDROCODONE BITARTRATE AND ACETAMINOPHEN,lzaniolettinm@vistaprint.com,,,Male,2020-04-25 22:30:11,Spectacled caiman
Colocynthis-Homaccord,cmackombnv@marketwatch.com,,,Female,2020-01-30 00:22:55,"Fox, crab-eating"
Naproxen Sodium,myakubovics68@artisteer.com,,,Female,2020-02-14 11:09:55,Vine snake (unidentified)
Ziprasidone Hydrochloride,bcowins1e@slate.com,,,Male,2020-09-24 12:51:06,Stanley bustard
Sodium Bicarbonate,egorges3d@europa.eu,,,Male,2020-07-13 09:56:33,"Fox, crab-eating"
anti diarrheal,mshimonyr1@drupal.org,,,Male,2020-09-03 08:10:22,Spectacled caiman
Carduus Oxalis,lmassepx@auda.org.au,,,Female,2020-03-09 12:49:46,Stanley bustard
Diphenoxylate Hydrochloride and Atropine Sulfate,lmassepx@auda.org.au,,,Female,2020-10-17 01:41:02,Javan gold-spotted mongoose
Hydromorphone HCl,lmaldenc6@pinterest.com,,,Male,2019-12-23 06:24:38,Vine snake (unidentified)
Heparin Sodium in Dextrose,tburdecq@webnode.com,,,Female,2020-04-04 15:48:56,Spectacled caiman
ACETAMINOPHEN AND CODEINE PHOSPHATE,garkin2g@ted.com,,,Female,2020-03-08 02:22:43,"Hyena, brown"
AGAVE AMERICANA,chansillfw@blinklist.com,,,Male,2020-06-17 20:06:12,"Hyena, brown"
Antibacterial Beauty,rphillcoxqk@ning.com,,,Male,2019-11-07 07:53:37,"Fox, crab-eating"
Omeprazole,jmcgeowng9@edublogs.org,,,Male,2020-10-21 03:16:58,Vine snake (unidentified)
Life Extension Sun Protection SPF 30,csambrook46@bravesites.com,,,Female,2020-03-30 17:33:49,Javan gold-spotted mongoose
Beyaz,lallomkg@instagram.com,,,Female,2020-02-03 08:02:59,"Mouse, four-striped grass"
Common Sagebrush,tromerilr@cbslocal.com,,,Male,2020-03-06 09:23:11,Superb starling
Meprobamate,rdennistonbs@wikipedia.org,,,Female,2020-06-10 10:26:10,Superb starling
Echinacea Argentum,mhemerijke7@dyndns.org,,,Female,2020-01-28 10:50:02,Spectacled caiman
Gabapentin,vburgott32@dedecms.com,,,Male,2020-03-10 04:19:49,American black bear
Acetaminophen,aseeks2p@yale.edu,,,Female,2020-02-25 04:42:47,Javan gold-spotted mongoose
SORIATANE,mbentsonnp@google.com.au,,,Female,2020-04-07 08:11:04,"Mouse, four-striped grass"
Gralise,kspong6g@whitehouse.gov,,,Female,2020-07-02 09:11:26,Superb starling
Topotecan Hydrochloride,wfridlingtone0@symantec.com,,,Male,2020-07-23 21:23:44,Javan gold-spotted mongoose
Cover Fx Blemish Treatment Concealer P Medium,lweetch4u@domainmarket.com,,,Male,2020-08-02 16:26:43,"Hyena, brown"
Equaline Mucus ER,ldowbigginkz@sogou.com,,,Male,2020-09-13 00:28:26,American black bear
Donepezil Hydrochloride,hdyeou@cbslocal.com,,,Male,2020-05-01 16:10:43,Superb starling
topcare nite time cold and flu relief,bcolliard95@gizmodo.com,,,Female,2020-01-04 17:46:41,"Mouse, four-striped grass"
Norethindrone and Ethinyl Estradiol and Ferrous Fumarate,mhenrychax@twitter.com,,,Male,2020-02-07 11:29:17,Superb starling
Frova,nnorvellik@theguardian.com,,,Male,2020-08-11 16:02:30,Spectacled caiman
SPF 15,msorsbieiz@google.com.br,,,Female,2020-05-14 16:37:48,Spectacled caiman
Nateglinide,wbonner5v@tuttocitta.it,,,Male,2020-05-24 11:33:41,American black bear
Iodent Fluoride Toothpaste,bmoyerqt@ted.com,,,Male,2020-03-13 01:35:39,Superb starling
Childrens Mucinex,wbeeby10@mlb.com,,,Male,2020-08-20 21:34:15,American black bear
Gadavyt,agethyn1h@phpbb.com,,,Male,2020-08-12 23:57:37,Painted stork
Cyclobenzaprine Hydrochloride,sbenoist74@ameblo.jp,,,Male,2019-12-22 16:07:15,"Hyena, brown"
Alba Sunblock Facial SPF 20,rnehlqw@tamu.edu,,,Male,2020-04-04 18:43:35,"Hyena, brown"
Myzilra,cstrutherjr@qq.com,,,Male,2020-07-15 21:04:09,Spectacled caiman
Gabapentin,hdyeou@cbslocal.com,,,Female,2020-01-14 04:07:33,Superb starling
pain relief pm,jrugge9o@bloglines.com,,,Male,2019-11-30 07:44:13,Spectacled caiman
Nystatin,pveltio1@live.com,,,Female,2019-12-27 18:08:57,American black bear
Metoprolol tartrate,mbestwall91@youtube.com,,,Female,2020-05-24 08:07:01,"Hyena, brown"
CVS,hgiacopettior@github.com,,,Female,2019-12-30 05:19:11,American black bear
TERBUTALINE SULFATE,aspainj0@telegraph.co.uk,,,Female,2020-03-18 23:39:22,Stanley bustard
Mucor plumbeus,bsirkettqo@vkontakte.ru,,,Female,2020-02-08 23:20:42,Painted stork
Family Dollar Antiseptic Mouth Rinse Spring Mint,eflipsenc5@squarespace.com,,,Female,2020-06-06 19:15:50,"Fox, crab-eating"
Povidone Iodine,aswalowek9@virginia.edu,,,Female,2020-03-21 00:07:49,Stanley bustard
Captopril,floyleycw@senate.gov,,,Female,2020-05-31 21:21:25,Vine snake (unidentified)
Quack Grass,scrossinghamii@printfriendly.com,,,Female,2020-03-16 17:07:38,Superb starling
AVINZA,lelegoodpn@ft.com,,,Female,2020-06-14 06:33:34,"Hyena, brown"
pain relief,lollerhadju@weather.com,,,Male,2020-03-24 05:58:37,Spectacled caiman
Dilantin,tciottoio@blogger.com,,,Female,2019-12-11 16:52:17,Javan gold-spotted mongoose
ELF Tinted Moisturizer SPF 15,hpiegromemv@cafepress.com,,,Female,2020-08-10 23:22:11,Superb starling
Propylthiouracil,tspenceleygc@businessinsider.com,,,Female,2020-03-09 23:46:13,American black bear
Assured,gcasteroufs@dmoz.org,,,Male,2020-08-02 01:29:39,Painted stork
Justice Vanilla Scent ANTI BAC HAND SANITIZER,dshuttenh@aboutads.info,,,Female,2020-07-04 05:49:40,Stanley bustard
Good Sense Hemorrhoidal,dsimonettigp@ifeng.com,,,Female,2020-06-28 19:44:04,American black bear
Etodolac,dlittleya7@prlog.org,,,Male,2020-10-01 09:03:12,Painted stork
Oralone,cpllukb@ovh.net,,,Male,2019-11-28 02:42:04,"Hyena, brown"
MILK OF MAGNESIA ORIGINAL,cbentkeph@histats.com,,,Female,2020-01-19 12:44:37,Javan gold-spotted mongoose
Irbesartan and Hydrochlorothiazide,hmackaiglb@vimeo.com,,,Male,2020-10-08 17:11:58,"Hyena, brown"
Loratadine,vdeov@sciencedirect.com,,,Male,2020-01-12 21:21:17,Stanley bustard
Flu Complex,fkabosdm@bloglovin.com,,,Male,2020-07-02 05:53:39,Javan gold-spotted mongoose
Chloraseptic Sore Throat Liquid Center,htowerku@diigo.com,,,Female,2020-02-06 02:32:44,Javan gold-spotted mongoose
Liquid B,smaineh1@ask.com,,,Female,2020-05-26 11:02:12,"Mouse, four-striped grass"
CAREONE ANTIMICROBIAL FOAMING HAND SP FALLING RAIN,jmatousmh@comsenz.com,,,Female,2020-08-08 09:10:57,"Hyena, brown"
DELFLEX,hmackaiglb@vimeo.com,,,Male,2020-10-01 21:47:15,"Mouse, four-striped grass"
Carbidopa and Levodopa,pvanbf@ihg.com,,,Female,2020-06-25 15:08:36,Vine snake (unidentified)
3LAB Aqua BB SPF 40 BROAD SPECTRUM 01,hblanninq9@aboutads.info,,,Male,2020-03-11 22:37:44,Spectacled caiman
Trazodone Hydrochloride,hwhittenkn@adobe.com,,,Female,2020-07-26 17:23:24,"Fox, crab-eating"
Moexipril Hydrochloride and Hydrochlorothiazide,bharsnipea8@cbslocal.com,,,Female,2020-10-18 08:11:38,Vine snake (unidentified)
Reglan,ecahanps@nba.com,,,Female,2020-07-19 01:21:10,Vine snake (unidentified)
DG Health Pain Reliever,tciottoio@blogger.com,,,Female,2020-10-14 14:10:21,Superb starling
Bipolaris sorokiniana,rlitstero4@meetup.com,,,Male,2020-01-12 23:22:15,Javan gold-spotted mongoose
RG Sport Inv.Solid Antiperspirant Deodorant Fresh,ekruse2m@bandcamp.com,,,Female,2020-04-13 14:30:03,Javan gold-spotted mongoose
Kadian,jgraithet@technorati.com,,,Female,2020-01-21 13:08:37,Superb starling
Allergy Medicine,mkleinfeldh0@paginegialle.it,,,Male,2020-07-13 14:08:03,Superb starling
Mucus Relief,vteaselll2@cnet.com,,,Female,2020-03-05 02:18:15,"Hyena, brown"
Acetaminophen,acyphusbd@discovery.com,,,Male,2019-11-24 04:30:16,"Hyena, brown"
Galena Larix,kcarsonfr@apple.com,,,Female,2020-01-21 01:18:50,Vine snake (unidentified)
Healing,fsumersmo@liveinternet.ru,,,Female,2020-05-22 07:34:16,"Fox, crab-eating"
Bodycology,scrimej@apache.org,,,Female,2020-07-28 10:39:22,"Hyena, brown"
Proparacaine Hydrochloride,gpalfreyman25@fema.gov,,,Female,2020-02-09 00:19:27,Painted stork
Sodium Bicarbonate,kdenisardre@epa.gov,,,Female,2020-07-12 21:08:44,Spectacled caiman
Lorazepam,asanneyjn@newsvine.com,,,Male,2020-07-14 07:51:28,American black bear
WHP Be gone Dry Eyes,gwanellaq@paypal.com,,,Male,2019-12-04 20:59:35,Painted stork
Ursodiol,bjellico6i@bravesites.com,,,Female,2019-11-24 04:52:23,"Mouse, four-striped grass"
Methocarbamol,agalbraetho0@timesonline.co.uk,,,Male,2020-04-16 11:09:36,"Fox, crab-eating"
Bacto Plus,emoiri0@php.net,,,Female,2020-09-16 03:30:21,Spectacled caiman
Glipizide,gcoppinpk@dmoz.org,,,Female,2020-05-08 15:18:10,Spectacled caiman
Lamotrigine,strevankt@sfgate.com,,,Female,2020-10-06 08:36:14,Spectacled caiman
JNH Dr. Intensive Plus UV Protector,jnarramorn8@linkedin.com,,,Female,2020-05-17 15:54:09,Vine snake (unidentified)
granisetron hydrochloride,qtoppasjw@illinois.edu,,,Male,2020-06-29 17:25:10,Stanley bustard
KETOROLAC TROMETHAMINE,kporrettdg@prweb.com,,,Female,2020-05-22 20:41:05,Stanley bustard
Captopril,fmcmarquis53@fema.gov,,,Male,2020-09-13 04:15:48,"Mouse, four-striped grass"
Lice Treatment,ghinzen3@umn.edu,,,Male,2020-04-29 05:18:30,Superb starling
NHS Nausea Heartburn,wtrehearne93@google.fr,,,Female,2020-08-27 05:14:21,Superb starling
Hetastarch in Sodium Chloride,rabadekk@shop-pro.jp,,,Male,2019-11-28 23:02:29,Spectacled caiman
Fluphenazine Hydrochloride,mgristow@macromedia.com,,,Female,2019-11-03 19:59:18,"Fox, crab-eating"
Antacid Antigas,mfrantsevaf@purevolume.com,,,Female,2019-11-09 10:54:48,American black bear
LIDODERM,bgready8p@geocities.jp,,,Male,2019-12-25 20:13:20,Stanley bustard
Lamotrigine,ggammelki@goo.ne.jp,,,Male,2020-04-23 10:02:22,"Hyena, brown"
Acetic Acid,ldahlehr@taobao.com,,,Male,2020-09-14 17:48:34,Vine snake (unidentified)
Verdeso,silymanovar@google.cn,,,Female,2020-09-04 14:12:32,Painted stork
Omeprazole,evannozziia1@stanford.edu,,,Female,2020-03-24 13:18:54,"Fox, crab-eating"
Ciprofloxacin,jobyo7@weather.com,,,Male,2019-12-13 20:58:12,"Mouse, four-striped grass"
ARRID EXTRA DRY,sklug79@blogs.com,,,Female,2020-04-18 07:11:02,American black bear
Pioglitazone,ktartoo@wsj.com,,,Female,2020-07-15 19:47:25,Superb starling
POPULUS DELTOIDES POLLEN,ayakunchikovmx@mashable.com,,,Female,2020-08-06 01:33:36,American black bear
Cytomegalovirus Remedy,dmaccostiganmb@google.co.jp,,,Male,2020-06-07 10:49:44,"Hyena, brown"
ADVIL MIGRAINE,otrittonm0@ca.gov,,,Female,2020-08-22 23:45:38,Superb starling
ICING,jstockenpl@google.com.hk,,,Male,2020-05-16 10:48:25,Vine snake (unidentified)
VITACILINA NEOMYCIN SULFATE FIRST AID ANTIBIOTIC,scasperri1k@msn.com,,,Male,2019-12-16 06:15:25,Stanley bustard
ABREVA,aseakings6q@biglobe.ne.jp,,,Female,2020-03-01 10:11:55,Superb starling
venlafaxine hydrochloride,bdundon52@wikispaces.com,,,Female,2020-04-13 11:04:08,Stanley bustard
Nicotiana Pulsatilla,ewisedalenl@canalblog.com,,,Male,2020-06-10 03:21:49,Stanley bustard
EPIVIR,rconachiecd@huffingtonpost.com,,,Female,2020-08-04 22:42:35,Stanley bustard
Orange Blossom Antibacterial Foaming Hand Wash,mlongoaw@comcast.net,,,Male,2020-09-26 12:00:55,Painted stork
Levothyroxine Sodium,hpotteridgeny@va.gov,,,Male,2020-02-20 13:41:07,"Hyena, brown"
Cetirizine Hydrochloride,rabadekk@shop-pro.jp,,,Female,2020-03-05 14:12:25,Spectacled caiman
OMNI,mcureed@dion.ne.jp,,,Male,2020-10-06 18:34:23,Stanley bustard
Hydralazine Hydrochloride,cwellbelovepj@mozilla.org,,,Female,2020-10-11 22:21:17,American black bear
Simply Right Nicotine,mrosengartenje@skype.com,,,Male,2020-08-21 19:06:03,Vine snake (unidentified)
Smart Sense Hydrocortisone,salphegec9@sourceforge.net,,,Male,2020-02-12 12:49:42,"Fox, crab-eating"
LBEL Couleur Luxe Rouge Amplifier XP amplifying SPF 15,scasperri1k@msn.com,,,Male,2020-08-21 19:45:28,American black bear
COUGH HICCOUGH,lcherringtond2@dailymotion.com,,,Male,2020-05-09 21:24:01,Javan gold-spotted mongoose
Care One Nicotine,jissitth3@army.mil,,,Male,2019-12-22 14:48:14,Stanley bustard
Nystatin and Triamcinolone,ekuhne3v@admin.ch,,,Male,2020-02-17 00:22:37,Painted stork
MARCS,cpurselowd1@tamu.edu,,,Female,2020-09-18 02:08:14,Stanley bustard
1,aedinboroughnx@nationalgeographic.com,,,Male,2020-10-15 23:33:36,"Hyena, brown"
BabySpa Calming Relief Eczema,dhutchenceli@yelp.com,,,Male,2019-12-05 01:48:29,American black bear
Premarin,jworkesjl@cam.ac.uk,,,Male,2020-03-21 09:43:20,Stanley bustard
Diabetigen,bharsnipea8@cbslocal.com,,,Female,2020-10-23 16:00:34,"Mouse, four-striped grass"
Potassium Chloride,tsinnatt72@ucoz.ru,,,Female,2019-11-04 08:28:58,Stanley bustard
Alphanate,rstrotone2z@vk.com,,,Female,2020-09-06 09:37:01,Javan gold-spotted mongoose
Morphine Sulfate,aschleicher94@cafepress.com,,,Female,2020-04-26 02:57:23,Javan gold-spotted mongoose
Chamomilla Belladonna Adult Size,dhutchenceli@yelp.com,,,Male,2020-07-01 23:38:48,Superb starling
equaline antacid,ddubockp4@prweb.com,,,Female,2020-07-15 22:37:21,Painted stork
Mischievous Orange Antibacterial Foaming Hand Wash,lverne2a@vimeo.com,,,Male,2020-08-07 06:32:19,American black bear
amlodipine besylate,lscully7h@slideshare.net,,,Male,2020-02-28 21:40:24,Stanley bustard
Pindolol,tmoremanas@huffingtonpost.com,,,Female,2019-11-16 14:25:10,"Mouse, four-striped grass"
PDI Sani-Hands for Kids,dizachik6m@dmoz.org,,,Female,2020-06-12 18:56:49,"Fox, crab-eating"
Thyroveev,imixonhh@army.mil,,,Female,2020-03-18 18:54:04,"Fox, crab-eating"
TUNA,mmcgroryer@gov.uk,,,Male,2020-08-24 01:58:13,"Fox, crab-eating"
Advil,jrosenhausk0@prlog.org,,,Male,2020-01-03 09:37:33,"Fox, crab-eating"
Calcium carbonate,dchedgeyo3@godaddy.com,,,Male,2019-12-19 08:51:52,American black bear
MAMONDE PACT BLOOMING 23,mchicchellis@slideshare.net,,,Male,2020-02-10 02:29:48,Spectacled caiman
Sleep Aid,tmcgrowtherrd@house.gov,,,Male,2020-02-16 16:13:53,Stanley bustard
Warfarin Sodium,slaurand3c@alexa.com,,,Female,2020-07-09 12:32:31,Spectacled caiman
Treatment Set TS346963,dfoxtonjq@cpanel.net,,,Male,2020-07-16 11:14:25,Superb starling
Arthritis Hot,pabramowfb@etsy.com,,,Male,2020-09-02 11:03:21,Spectacled caiman
MORPHINE SULFATE,hwhittenkn@adobe.com,,,Male,2020-02-02 07:41:24,Javan gold-spotted mongoose
Bionica Pain Relieving Gel,tstansellk4@rambler.ru,,,Male,2020-06-28 09:19:10,"Hyena, brown"
ADVAIR HFA,aboijdo@mashable.com,,,Male,2020-07-27 17:24:22,American black bear
INFANTS COUGH SYRUP,hgiacopettior@github.com,,,Female,2020-06-27 00:47:51,Spectacled caiman
Metformin Hydrochloride,aleonardi96@purevolume.com,,,Male,2020-01-01 14:57:53,Vine snake (unidentified)
Diltiazem Hydrochloride,moef@house.gov,,,Male,2020-09-09 19:45:53,"Mouse, four-striped grass"
Ifosfamide,scasperri1k@msn.com,,,Male,2020-03-15 10:00:48,Spectacled caiman
arthritis pain reliever,bmoralesqp@list-manage.com,,,Male,2020-02-19 21:29:53,Stanley bustard
Tartar Control Plus,aturfs7l@google.co.jp,,,Male,2020-09-11 20:00:49,"Fox, crab-eating"
Ringers,ehurchbk@webnode.com,,,Male,2020-01-15 03:02:55,Stanley bustard
Crest Pro-Health Stages,blugg9m@scribd.com,,,Female,2020-02-28 16:42:53,"Fox, crab-eating"
Cytarabine,aturfs7l@google.co.jp,,,Male,2019-11-05 11:55:24,Spectacled caiman
Roxicodone,ekruse2m@bandcamp.com,,,Male,2020-05-21 00:53:44,Javan gold-spotted mongoose
Ranitidine,bshalea4@wired.com,,,Male,2020-01-31 12:45:09,Vine snake (unidentified)
NUCYNTA,ashakeshaft6t@google.de,,,Female,2020-01-05 03:25:19,"Mouse, four-striped grass"
Cauliflower,floyleycw@senate.gov,,,Female,2019-11-23 16:09:20,Vine snake (unidentified)
Fluconazole,mixermi@sourceforge.net,,,Male,2019-12-29 00:10:58,Painted stork
Sumatriptan Succinate,lbettisff@google.co.uk,,,Female,2020-03-18 10:11:49,Vine snake (unidentified)
Direct Safety Aspirin Free,lgreenigmg@usa.gov,,,Male,2020-02-23 12:24:57,"Hyena, brown"
PAROXETINE,otrittonm0@ca.gov,,,Female,2020-09-25 04:00:12,"Mouse, four-striped grass"
Complete,bactonei@cbslocal.com,,,Male,2019-12-23 20:35:36,Vine snake (unidentified)
night time,lbladderpm@elpais.com,,,Male,2020-09-22 14:08:08,Stanley bustard
Anticavity Fluoride Rinse,lwadforth7g@istockphoto.com,,,Male,2020-03-25 02:23:58,"Hyena, brown"
"Molds, Rusts and Smuts, Mucor racemosus",msteffens23@paypal.com,,,Female,2020-02-24 09:12:07,Vine snake (unidentified)
Opahl,bmccrowah@altervista.org,,,Male,2020-05-15 09:34:41,Vine snake (unidentified)
fentanyl citrate,cmcsperrin4j@springer.com,,,Male,2020-07-20 09:56:08,American black bear
Pink Macaroon Hand Sanitizer,dbagotq@1688.com,,,Female,2020-01-24 11:42:19,Painted stork
Sertraline Hydrochloride,ajedrysiklh@spiegel.de,,,Female,2020-06-27 01:18:11,Javan gold-spotted mongoose
Progesterone,jhaggarn1@vimeo.com,,,Male,2020-10-10 19:01:08,"Hyena, brown"
Glimepiride,gsavealliv@kickstarter.com,,,Male,2019-11-04 17:40:07,"Fox, crab-eating"
Box Elder,mmcgroryer@gov.uk,,,Male,2020-10-03 23:50:52,Javan gold-spotted mongoose
Retin,shartasql@webmd.com,,,Female,2020-08-29 10:45:15,"Fox, crab-eating"
Cough and Cold Relief HBP,gbeadle81@tripadvisor.com,,,Female,2020-02-01 05:19:43,Stanley bustard
Burr Oak,mdand8@over-blog.com,,,Male,2020-06-08 10:25:58,"Hyena, brown"
Kroger,ezannetti9@webs.com,,,Female,2020-02-14 07:37:10,Stanley bustard
Dicyclomine Hydrochloride,acyphusbd@discovery.com,,,Female,2020-06-27 15:50:43,Vine snake (unidentified)
Warm Deep Original,ienevoldee@i2i.jp,,,Female,2020-09-19 22:09:32,Painted stork
OXYGEN,hkaysercr@xrea.com,,,Male,2019-12-28 23:04:45,"Fox, crab-eating"
Ibuprofen,jcogswell5p@telegraph.co.uk,,,Male,2019-11-18 13:46:23,American black bear
GODDESS GARDEN ORGANICS Sunny Face NATURAL SUNSCREEN BROAD SPECTRUM SPF 30 WATER RESISTANT,gstoven6k@yellowbook.com,,,Female,2020-08-01 11:00:17,"Fox, crab-eating"
CIPROFLOXACIN,mkinder4p@ft.com,,,Female,2020-06-26 14:46:21,Vine snake (unidentified)
Benazepril Hydrochloride,hkraussq2@facebook.com,,,Female,2020-09-22 04:25:03,Painted stork
Fluoxetine,lallomkg@instagram.com,,,Female,2020-07-30 21:03:00,Javan gold-spotted mongoose
Marplan,rchesonai@jalbum.net,,,Female,2020-04-22 13:13:16,Painted stork
Breech Baby,vsowdenq8@so-net.ne.jp,,,Female,2020-03-16 16:52:02,"Fox, crab-eating"
Clarins Vital Light Day SPF 15,ebillyard2q@amazonaws.com,,,Female,2020-09-25 11:46:21,Stanley bustard
cephalexin,sbradmorega@cyberchimps.com,,,Female,2020-09-06 20:49:35,American black bear
Royal Antibacterial Passion Plum Hand Cleanse,sklug79@blogs.com,,,Female,2020-09-28 16:38:48,Spectacled caiman
Dust Mix Antigens,rbirmingham4w@blinklist.com,,,Female,2019-12-02 10:40:04,Vine snake (unidentified)
HYDROCODONE BITARTRATE AND IBUPROFEN,jbissill5r@slideshare.net,,,Male,2020-08-16 06:00:40,"Mouse, four-striped grass"
Royal Mouthwash Fresh and Clean Original Mint,hmackaiglb@vimeo.com,,,Male,2020-07-20 11:14:21,"Hyena, brown"
Excedrin,arobensaj@1688.com,,,Male,2020-07-26 07:22:21,Stanley bustard
EPINASTINE HYDROCHLORIDE,shartasql@webmd.com,,,Female,2020-07-03 08:52:47,American black bear
Cetirizine Hydrochloride,emoiri0@php.net,,,Male,2019-12-01 16:11:27,Spectacled caiman
Captopril,smatuszinskidu@mozilla.org,,,Female,2020-04-09 09:54:19,"Hyena, brown"
Levothyroxine Sodium,mfairholme8z@nationalgeographic.com,,,Female,2020-09-13 00:15:58,"Fox, crab-eating"
White Oak Pollen,wsmeuinia@devhub.com,,,Female,2020-05-01 18:35:21,Spectacled caiman
"Pollens - Trees, Oak, Red Quercus rubra",evondruskaep@arizona.edu,,,Female,2020-08-19 11:06:00,Superb starling
HEB,twolffers9j@dmoz.org,,,Female,2020-10-08 03:44:11,Stanley bustard
Stratuscare Milk of Magnesia Cherry,amongetqu@wp.com,,,Male,2020-02-02 21:48:13,"Hyena, brown"
Treatment Set TS128872,tlabes3x@businessinsider.com,,,Male,2020-04-19 18:43:44,"Hyena, brown"
HEMMORHOIDS,piresoncm@g.co,,,Male,2020-01-14 16:46:22,"Fox, crab-eating"
H-Athletes Foot Formula,hcullinana6@addthis.com,,,Female,2019-11-08 11:39:42,Superb starling
DG Body,rconnowmk@studiopress.com,,,Male,2019-12-17 00:40:39,"Fox, crab-eating"
Detoxifier,hpoon6x@geocities.com,,,Male,2019-11-11 00:46:46,Javan gold-spotted mongoose
TERUFLEX Blood Bag System with Blood Sampling Arm Anticoagulant Citrate Phosphate Dextrose (CPD) AND OPTISOL (AS-5) Red Cell Preservative,blitchmoref6@1und1.de,,,Female,2020-08-07 20:17:11,Superb starling
Effer-K,bmarcone9s@oaic.gov.au,,,Male,2019-12-08 00:20:57,Spectacled caiman
Neutrogena Ageless Intensives Tone Correcting Daily Moisturizer,dlittleya7@prlog.org,,,Male,2020-08-26 12:48:10,"Hyena, brown"
April Bath and Shower Sweet Blossom Scented Hand Sanitizer Anti-Bacterial,moef@house.gov,,,Female,2019-12-07 08:04:17,"Fox, crab-eating"
Hydralazine Hydrochloride,ckerrodew@symantec.com,,,Female,2019-11-14 03:29:47,Spectacled caiman
REPREXAIN,lcherringtond2@dailymotion.com,,,Male,2020-09-03 07:40:06,Javan gold-spotted mongoose
Western Family,mcucuzza59@google.ru,,,Female,2020-01-04 12:29:14,Painted stork
Pindolol,tlabes3x@businessinsider.com,,,Female,2020-02-13 03:59:21,American black bear
Amlodipine Besylate,fkabosdm@bloglovin.com,,,Male,2019-11-13 07:51:48,Painted stork
Arnica e pl. tota 20,boheyne2w@odnoklassniki.ru,,,Male,2020-04-07 09:10:30,Javan gold-spotted mongoose
Ferrum sidereum Sulfur,aainslie85@webeden.co.uk,,,Female,2020-06-15 21:15:01,Stanley bustard
Oxybutynin Chloride,iloukesiu@abc.net.au,,,Female,2020-10-07 21:33:11,American black bear
Original Extra Strong All Natural Fishermans Friend Menthol Cough Suppressant,hschuttefh@un.org,,,Female,2020-05-04 23:53:33,"Fox, crab-eating"
Ocudox,dshuttenh@aboutads.info,,,Male,2020-03-22 04:09:33,"Fox, crab-eating"
Metformin Hydrochloride,jkeasleya2@1und1.de,,,Male,2020-09-29 19:03:37,Spectacled caiman
Diethylpropion HCl Immediate-Release,rcrosier4b@utexas.edu,,,Male,2020-01-05 03:38:26,American black bear
Oxcarbazepine,bsimmans6e@utexas.edu,,,Female,2019-11-16 16:22:32,"Fox, crab-eating"
Alprazolam,shighwayck@wsj.com,,,Male,2020-04-16 19:28:13,Spectacled caiman
Analpram HC,uabsolemi6@webs.com,,,Male,2020-02-17 14:40:31,Superb starling
Milk of Magnesia,weasterlingdb@storify.com,,,Female,2020-04-18 00:53:11,"Hyena, brown"
Alendronate Sodium,boheyne2w@odnoklassniki.ru,,,Male,2020-08-16 07:52:41,Vine snake (unidentified)
Childrens Chewable Pain Reliever,bstreatfieldhl@yahoo.co.jp,,,Female,2020-01-20 04:26:29,"Fox, crab-eating"
Weight Loss Solution,mhamblingg6@a8.net,,,Male,2020-05-24 17:34:54,"Fox, crab-eating"
Estradiol,tlabes3x@businessinsider.com,,,Female,2020-08-03 13:03:29,Vine snake (unidentified)
Doxycycline Hyclate,afanceba@domainmarket.com,,,Female,2020-08-10 00:33:05,American black bear
White Birch,jnarramorn8@linkedin.com,,,Female,2020-05-23 22:16:45,Superb starling
Chocolated Laxative,csinkinsonh@cyberchimps.com,,,Female,2020-08-25 02:32:15,Painted stork
Ibuprofen,cradbourneel@cbslocal.com,,,Female,2019-12-20 12:09:33,Javan gold-spotted mongoose
Venlafaxine Hydrochloride,acaneoip@forbes.com,,,Female,2020-07-08 23:13:42,Spectacled caiman
Carbidopa and Levodopa,rscolapf@ycombinator.com,,,Male,2020-01-05 10:41:24,"Fox, crab-eating"
Fenofibrate,fcomelini1j@sfgate.com,,,Female,2020-06-30 16:04:55,"Fox, crab-eating"
Atropine Sulfate,hmcevayk3@adobe.com,,,Male,2019-11-21 12:33:27,Painted stork
Proctozone,tmanskeon@eventbrite.com,,,Male,2020-07-23 13:05:46,American black bear
Lorac Foundation Golden Tan,jatgerfy@sakura.ne.jp,,,Male,2020-10-09 08:56:52,"Mouse, four-striped grass"
Lovastatin,vscotts2d@sourceforge.net,,,Female,2020-10-16 21:54:25,Vine snake (unidentified)
Diltiazem Hydrochloride,myakubovics68@artisteer.com,,,Male,2020-01-26 13:43:36,Stanley bustard
CD DIORSKIN STAR Studio Makeup Spectacular Brightening with sunscreen Broad Spectrum SPF30 023,rkillshaw8h@ycombinator.com,,,Female,2020-09-08 09:51:23,Stanley bustard
"Pollens - Grasses, Grass Mix 8",gmasser8@ask.com,,,Female,2020-08-14 00:04:36,"Hyena, brown"
Luxury Cell Performance Serum,siacovuzzijs@earthlink.net,,,Male,2020-02-05 21:46:52,Painted stork
Miconazole Nitrate,lwestcottna@icq.com,,,Female,2020-05-23 16:02:32,"Fox, crab-eating"
Millet,dpratty8t@amazon.de,,,Female,2020-08-11 22:21:20,Vine snake (unidentified)
Pacific,elampettfz@wikimedia.org,,,Male,2019-12-20 15:50:34,Spectacled caiman
Daytime Nighttime Cold and Flu Relief,vredihough9f@cnbc.com,,,Male,2020-05-20 10:50:42,Painted stork
Lazanda,jsimonetti7z@foxnews.com,,,Female,2020-01-30 05:00:58,"Mouse, four-striped grass"
HyperRHO S/D Mini-Dose,lbilham4@mozilla.com,,,Female,2019-11-27 04:48:52,"Mouse, four-striped grass"
Lidocaine Hydrochloride,kfanthomer6@freewebs.com,,,Female,2019-11-29 11:31:50,Superb starling
Peroxie Care Tartar Control,rbalfb3@yahoo.co.jp,,,Male,2020-03-17 02:11:35,Superb starling
ESIKA,hdyeou@cbslocal.com,,,Female,2019-12-30 20:42:00,"Hyena, brown"
N - TIME,rconachiecd@huffingtonpost.com,,,Male,2020-08-07 14:45:24,Spectacled caiman
Diarrhea,dgowansonh5@moonfruit.com,,,Female,2020-06-25 22:03:31,Painted stork
Lithium Carbonate,ekruse2m@bandcamp.com,,,Female,2020-06-20 22:20:17,"Hyena, brown"
VFEND,ktartoo@wsj.com,,,Female,2020-08-09 02:50:41,American black bear
Stila Color Correcting Broad Spectrum SPF 20,jwolters28@over-blog.com,,,Male,2020-06-07 04:13:53,American black bear
Chronic Fatigue Therapy,wbrusin2s@cdc.gov,,,Female,2020-02-28 06:05:08,Javan gold-spotted mongoose
Edema - Fluid Retention,chirsthousebq@reuters.com,,,Male,2020-07-14 04:47:10,Stanley bustard
NIGHTTIME SLEEP AID,ggammelki@goo.ne.jp,,,Male,2019-12-09 07:19:45,Superb starling
TEARS Naturale FORTE,mclapison7i@google.cn,,,Female,2020-01-20 16:50:50,Vine snake (unidentified)
Algenist,atunacliftpd@dyndns.org,,,Male,2020-01-06 23:33:21,Spectacled caiman
Orajel Antiseptic Rinse for Mouth Sores,ndroughtnn@imageshack.us,,,Female,2020-01-08 15:05:04,Superb starling
AMARANTHUS RETROFLEXUS POLLEN,veye3w@bing.com,,,Female,2020-10-14 21:55:14,Painted stork
Sore Throat Relief,ede7b@arizona.edu,,,Male,2020-05-12 04:09:46,"Fox, crab-eating"
Gilotrif,tdringe9@issuu.com,,,Male,2020-09-06 02:07:39,Stanley bustard
Simvastatin,bfrancklynen@hao123.com,,,Female,2020-08-19 20:13:25,"Fox, crab-eating"
Moexipril Hydrochloride,rhakkingoy@jiathis.com,,,Male,2019-11-11 01:34:36,Painted stork
Lovastatin,lfablerhk@purevolume.com,,,Female,2020-06-06 12:31:40,Spectacled caiman
Cyclophosphamide,malbrookh6@reddit.com,,,Male,2020-01-10 09:02:53,"Hyena, brown"
Ciprofloxacin Hydrochloride,elampettfz@wikimedia.org,,,Female,2020-01-24 21:40:23,Painted stork
WINRHO,llowing1m@washington.edu,,,Male,2020-01-26 03:39:40,Javan gold-spotted mongoose
ALPRAZOLAM,fdacres5k@businesswire.com,,,Male,2020-06-09 20:08:05,American black bear
XIFAXAN,calsoppl0@prweb.com,,,Female,2020-02-25 06:56:14,"Fox, crab-eating"
Equaline Antacid,wwalklingoi@free.fr,,,Male,2020-07-12 10:22:54,Javan gold-spotted mongoose
Metformin Hydrochloride,rcrosier4b@utexas.edu,,,Female,2019-11-01 07:25:20,Stanley bustard
Betamethasone Dipropionate,hkeldb1@opera.com,,,Female,2020-07-02 21:40:53,Javan gold-spotted mongoose
Neutrogena Clinical Lifting Wrinkle Treatment System,imixonhh@army.mil,,,Male,2020-03-10 13:06:18,Vine snake (unidentified)
Ciprofloxacin,gvogellerfn@ustream.tv,,,Male,2020-03-14 16:23:50,Javan gold-spotted mongoose
TEMODAR,bhewkinm7@unc.edu,,,Male,2020-01-22 22:15:17,"Mouse, four-striped grass"
Yellow Pine,egaytonqq@ow.ly,,,Male,2020-01-18 16:47:16,"Fox, crab-eating"
Alendronate Sodium,mmaddersiy@washingtonpost.com,,,Male,2020-07-23 10:18:18,"Fox, crab-eating"
Family Wellness Migraine Relief,lkeattch8f@cnet.com,,,Male,2020-10-12 03:39:33,Javan gold-spotted mongoose
Diurex,fgreedierbz@walmart.com,,,Female,2019-11-20 16:07:47,Vine snake (unidentified)
Bisque Always Color Stay-on Broad Spectrum SPF 15,bmanaghe4@ezinearticles.com,,,Male,2020-03-27 08:37:56,"Fox, crab-eating"
Antispetic,scrossinghamii@printfriendly.com,,,Male,2020-02-08 18:47:13,Superb starling
Sulfamethoxazole and Trimethoprim,jcheetamic@dedecms.com,,,Male,2019-12-07 14:31:00,Stanley bustard
Sunmark childrens pain and fever,kwormstonejp@t-online.de,,,Male,2020-01-10 21:14:54,Painted stork
Topex,ashakeshaft6t@google.de,,,Male,2019-11-10 22:26:05,Superb starling
Chronagesic,cwinnisteroe@typepad.com,,,Male,2020-01-06 04:55:55,Painted stork
NOT YET DEFINED,lscully7h@slideshare.net,,,Female,2020-05-09 04:50:47,American black bear
NeobryXol Forte,eboard3h@storify.com,,,Male,2020-02-14 22:08:02,Superb starling
Physostigmine Salicylate,azoellnerbc@shutterfly.com,,,Female,2020-03-31 18:07:49,"Fox, crab-eating"
povidine iodine,cbrangan5a@cbslocal.com,,,Male,2020-03-30 06:46:41,"Mouse, four-striped grass"
good sense ibuprofen cold and sinus,sbenoist74@ameblo.jp,,,Male,2020-03-18 06:38:34,"Hyena, brown"
Allscale,crudinger18@microsoft.com,,,Female,2020-08-09 13:15:33,Painted stork
Banana Boat Sport SPF 50,pgladerc8@uiuc.edu,,,Male,2020-06-06 03:48:31,American black bear
Med Aid Chest Rub,ewisedalenl@canalblog.com,,,Female,2020-03-28 00:20:23,Javan gold-spotted mongoose
REFISSA,hsherwinag@hostgator.com,,,Female,2020-07-27 23:21:58,"Fox, crab-eating"
"Pollens - Weeds and Garden Plants, Nettle Urtica dioica",acrick8s@hud.gov,,,Male,2020-05-04 23:21:56,Javan gold-spotted mongoose
Theophylline,hmclo@time.com,,,Male,2020-04-24 11:03:57,Superb starling
Carbon Dioxide,imixonhh@army.mil,,,Male,2020-04-23 05:01:11,Javan gold-spotted mongoose
Treatment Set TS349291,wwalklingoi@free.fr,,,Male,2020-02-21 12:38:06,Spectacled caiman
ACD-A,voughtonrb@github.io,,,Male,2020-07-22 14:51:05,Spectacled caiman
Instant Hand Sanitizer Convenience Pack,jmacarima@cnn.com,,,Female,2020-07-16 02:59:03,Vine snake (unidentified)
Sweet Gum,gbenmorege@desdev.cn,,,Female,2019-12-16 21:44:59,"Mouse, four-striped grass"
