caretaker,category,price
cocallaghan0@linkedin.com,"Vulture, griffon",6549
cocallaghan0@linkedin.com,Savannah deer (unidentified),6959
cocallaghan0@linkedin.com,"Gull, lava",9766
cocallaghan0@linkedin.com,Asiatic jackal,5490
cocallaghan0@linkedin.com,Bohor reedbuck,6794
cocallaghan0@linkedin.com,"Whale, killer",8215
cocallaghan0@linkedin.com,Red-winged blackbird,8812
cocallaghan0@linkedin.com,"Monkey, red howler",8187
cocallaghan0@linkedin.com,Galapagos penguin,7292
cocallaghan0@linkedin.com,"Cobra, egyptian",5255
dtabbernor1@weebly.com,"Vulture, griffon",5276
dtabbernor1@weebly.com,Savannah deer (unidentified),7597
dtabbernor1@weebly.com,"Gull, lava",7010
dtabbernor1@weebly.com,Asiatic jackal,9024
dtabbernor1@weebly.com,Bohor reedbuck,7063
dtabbernor1@weebly.com,"Whale, killer",9154
dtabbernor1@weebly.com,Red-winged blackbird,7475
dtabbernor1@weebly.com,"Monkey, red howler",8503
dtabbernor1@weebly.com,Galapagos penguin,7396
dtabbernor1@weebly.com,"Cobra, egyptian",6934
livankin2@google.cn,"Vulture, griffon",5708
livankin2@google.cn,Savannah deer (unidentified),6783
livankin2@google.cn,"Gull, lava",9521
livankin2@google.cn,Asiatic jackal,8712
livankin2@google.cn,Bohor reedbuck,8458
livankin2@google.cn,"Whale, killer",6309
livankin2@google.cn,Red-winged blackbird,5455
livankin2@google.cn,"Monkey, red howler",7736
livankin2@google.cn,Galapagos penguin,8884
livankin2@google.cn,"Cobra, egyptian",5809
velmer3@google.es,"Vulture, griffon",6355
velmer3@google.es,Savannah deer (unidentified),8240
velmer3@google.es,"Gull, lava",6907
velmer3@google.es,Asiatic jackal,8097
velmer3@google.es,Bohor reedbuck,7290
velmer3@google.es,"Whale, killer",9514
velmer3@google.es,Red-winged blackbird,9613
velmer3@google.es,"Monkey, red howler",8540
velmer3@google.es,Galapagos penguin,7295
velmer3@google.es,"Cobra, egyptian",9047
lbilham4@mozilla.com,"Vulture, griffon",8198
lbilham4@mozilla.com,Savannah deer (unidentified),6008
lbilham4@mozilla.com,"Gull, lava",7295
lbilham4@mozilla.com,Asiatic jackal,9298
lbilham4@mozilla.com,Bohor reedbuck,9835
lbilham4@mozilla.com,"Whale, killer",5563
lbilham4@mozilla.com,Red-winged blackbird,5871
lbilham4@mozilla.com,"Monkey, red howler",9518
lbilham4@mozilla.com,Galapagos penguin,7661
lbilham4@mozilla.com,"Cobra, egyptian",7817
cwestwood5@hc360.com,"Vulture, griffon",7218
cwestwood5@hc360.com,Savannah deer (unidentified),7888
cwestwood5@hc360.com,"Gull, lava",7043
cwestwood5@hc360.com,Asiatic jackal,8781
cwestwood5@hc360.com,Bohor reedbuck,8477
cwestwood5@hc360.com,"Whale, killer",7728
cwestwood5@hc360.com,Red-winged blackbird,5370
cwestwood5@hc360.com,"Monkey, red howler",5040
cwestwood5@hc360.com,Galapagos penguin,9730
cwestwood5@hc360.com,"Cobra, egyptian",7410
eoldfield6@telegraph.co.uk,"Vulture, griffon",5654
eoldfield6@telegraph.co.uk,Savannah deer (unidentified),5989
eoldfield6@telegraph.co.uk,"Gull, lava",9237
eoldfield6@telegraph.co.uk,Asiatic jackal,9167
eoldfield6@telegraph.co.uk,Bohor reedbuck,7954
eoldfield6@telegraph.co.uk,"Whale, killer",8813
eoldfield6@telegraph.co.uk,Red-winged blackbird,6127
eoldfield6@telegraph.co.uk,"Monkey, red howler",8117
eoldfield6@telegraph.co.uk,Galapagos penguin,5372
eoldfield6@telegraph.co.uk,"Cobra, egyptian",8842
abalassa7@thetimes.co.uk,"Vulture, griffon",8193
abalassa7@thetimes.co.uk,Savannah deer (unidentified),5353
abalassa7@thetimes.co.uk,"Gull, lava",7813
abalassa7@thetimes.co.uk,Asiatic jackal,9181
abalassa7@thetimes.co.uk,Bohor reedbuck,6446
abalassa7@thetimes.co.uk,"Whale, killer",6610
abalassa7@thetimes.co.uk,Red-winged blackbird,9855
abalassa7@thetimes.co.uk,"Monkey, red howler",6294
abalassa7@thetimes.co.uk,Galapagos penguin,9892
abalassa7@thetimes.co.uk,"Cobra, egyptian",8068
vbeech8@addthis.com,"Vulture, griffon",6484
vbeech8@addthis.com,Savannah deer (unidentified),6833
vbeech8@addthis.com,"Gull, lava",8185
vbeech8@addthis.com,Asiatic jackal,7813
vbeech8@addthis.com,Bohor reedbuck,5517
vbeech8@addthis.com,"Whale, killer",7230
vbeech8@addthis.com,Red-winged blackbird,7120
vbeech8@addthis.com,"Monkey, red howler",5279
vbeech8@addthis.com,Galapagos penguin,9379
vbeech8@addthis.com,"Cobra, egyptian",9032
ezannetti9@webs.com,"Vulture, griffon",7432
ezannetti9@webs.com,Savannah deer (unidentified),7627
ezannetti9@webs.com,"Gull, lava",8000
ezannetti9@webs.com,Asiatic jackal,8510
ezannetti9@webs.com,Bohor reedbuck,6796
ezannetti9@webs.com,"Whale, killer",7672
ezannetti9@webs.com,Red-winged blackbird,9188
ezannetti9@webs.com,"Monkey, red howler",9725
ezannetti9@webs.com,Galapagos penguin,8875
ezannetti9@webs.com,"Cobra, egyptian",7738
ebeehoa@msn.com,"Vulture, griffon",6439
ebeehoa@msn.com,Savannah deer (unidentified),9518
ebeehoa@msn.com,"Gull, lava",9475
ebeehoa@msn.com,Asiatic jackal,7956
ebeehoa@msn.com,Bohor reedbuck,7731
ebeehoa@msn.com,"Whale, killer",6303
ebeehoa@msn.com,Red-winged blackbird,8864
ebeehoa@msn.com,"Monkey, red howler",7984
ebeehoa@msn.com,Galapagos penguin,7687
ebeehoa@msn.com,"Cobra, egyptian",9508
ncarenb@prnewswire.com,"Vulture, griffon",7622
ncarenb@prnewswire.com,Savannah deer (unidentified),6219
ncarenb@prnewswire.com,"Gull, lava",5888
ncarenb@prnewswire.com,Asiatic jackal,9732
ncarenb@prnewswire.com,Bohor reedbuck,9146
ncarenb@prnewswire.com,"Whale, killer",7043
ncarenb@prnewswire.com,Red-winged blackbird,5589
ncarenb@prnewswire.com,"Monkey, red howler",7840
ncarenb@prnewswire.com,Galapagos penguin,7071
ncarenb@prnewswire.com,"Cobra, egyptian",8079
gmcmahonc@usnews.com,"Vulture, griffon",8702
gmcmahonc@usnews.com,Savannah deer (unidentified),8470
gmcmahonc@usnews.com,"Gull, lava",8212
gmcmahonc@usnews.com,Asiatic jackal,6285
gmcmahonc@usnews.com,Bohor reedbuck,6449
gmcmahonc@usnews.com,"Whale, killer",6392
gmcmahonc@usnews.com,Red-winged blackbird,8630
gmcmahonc@usnews.com,"Monkey, red howler",9768
gmcmahonc@usnews.com,Galapagos penguin,9093
gmcmahonc@usnews.com,"Cobra, egyptian",7808
ggreenoughd@free.fr,"Vulture, griffon",5655
ggreenoughd@free.fr,Savannah deer (unidentified),6148
ggreenoughd@free.fr,"Gull, lava",9826
ggreenoughd@free.fr,Asiatic jackal,8742
ggreenoughd@free.fr,Bohor reedbuck,9513
ggreenoughd@free.fr,"Whale, killer",9455
ggreenoughd@free.fr,Red-winged blackbird,7920
ggreenoughd@free.fr,"Monkey, red howler",5502
ggreenoughd@free.fr,Galapagos penguin,9581
ggreenoughd@free.fr,"Cobra, egyptian",7175
ereallye@nasa.gov,"Vulture, griffon",7279
ereallye@nasa.gov,Savannah deer (unidentified),5722
ereallye@nasa.gov,"Gull, lava",6212
ereallye@nasa.gov,Asiatic jackal,7554
ereallye@nasa.gov,Bohor reedbuck,6605
ereallye@nasa.gov,"Whale, killer",6386
ereallye@nasa.gov,Red-winged blackbird,5007
ereallye@nasa.gov,"Monkey, red howler",7783
ereallye@nasa.gov,Galapagos penguin,7924
ereallye@nasa.gov,"Cobra, egyptian",6563
emcgivenf@bloglovin.com,"Vulture, griffon",7381
emcgivenf@bloglovin.com,Savannah deer (unidentified),8415
emcgivenf@bloglovin.com,"Gull, lava",9059
emcgivenf@bloglovin.com,Asiatic jackal,7490
emcgivenf@bloglovin.com,Bohor reedbuck,9475
emcgivenf@bloglovin.com,"Whale, killer",5161
emcgivenf@bloglovin.com,Red-winged blackbird,5854
emcgivenf@bloglovin.com,"Monkey, red howler",6763
emcgivenf@bloglovin.com,Galapagos penguin,5446
emcgivenf@bloglovin.com,"Cobra, egyptian",6037
gmangamg@wisc.edu,"Vulture, griffon",5131
gmangamg@wisc.edu,Savannah deer (unidentified),5758
gmangamg@wisc.edu,"Gull, lava",9756
gmangamg@wisc.edu,Asiatic jackal,6924
gmangamg@wisc.edu,Bohor reedbuck,8319
gmangamg@wisc.edu,"Whale, killer",6901
gmangamg@wisc.edu,Red-winged blackbird,9772
gmangamg@wisc.edu,"Monkey, red howler",5429
gmangamg@wisc.edu,Galapagos penguin,7453
gmangamg@wisc.edu,"Cobra, egyptian",9458
csinkinsonh@cyberchimps.com,"Vulture, griffon",9647
csinkinsonh@cyberchimps.com,Savannah deer (unidentified),6452
csinkinsonh@cyberchimps.com,"Gull, lava",9455
csinkinsonh@cyberchimps.com,Asiatic jackal,7644
csinkinsonh@cyberchimps.com,Bohor reedbuck,9495
csinkinsonh@cyberchimps.com,"Whale, killer",9471
csinkinsonh@cyberchimps.com,Red-winged blackbird,8818
csinkinsonh@cyberchimps.com,"Monkey, red howler",9577
csinkinsonh@cyberchimps.com,Galapagos penguin,5594
csinkinsonh@cyberchimps.com,"Cobra, egyptian",6081
ranani@nifty.com,"Vulture, griffon",9595
ranani@nifty.com,Savannah deer (unidentified),9172
ranani@nifty.com,"Gull, lava",6754
ranani@nifty.com,Asiatic jackal,7415
ranani@nifty.com,Bohor reedbuck,7771
ranani@nifty.com,"Whale, killer",9105
ranani@nifty.com,Red-winged blackbird,9828
ranani@nifty.com,"Monkey, red howler",5676
ranani@nifty.com,Galapagos penguin,5834
ranani@nifty.com,"Cobra, egyptian",7809
imacellarj@wix.com,"Vulture, griffon",5955
imacellarj@wix.com,Savannah deer (unidentified),9850
imacellarj@wix.com,"Gull, lava",5777
imacellarj@wix.com,Asiatic jackal,5343
imacellarj@wix.com,Bohor reedbuck,9265
imacellarj@wix.com,"Whale, killer",9201
imacellarj@wix.com,Red-winged blackbird,6958
imacellarj@wix.com,"Monkey, red howler",6025
imacellarj@wix.com,Galapagos penguin,6748
imacellarj@wix.com,"Cobra, egyptian",5192
nmolnark@indiegogo.com,"Vulture, griffon",5207
nmolnark@indiegogo.com,Savannah deer (unidentified),9330
nmolnark@indiegogo.com,"Gull, lava",6592
nmolnark@indiegogo.com,Asiatic jackal,8519
nmolnark@indiegogo.com,Bohor reedbuck,5898
nmolnark@indiegogo.com,"Whale, killer",8928
nmolnark@indiegogo.com,Red-winged blackbird,7028
nmolnark@indiegogo.com,"Monkey, red howler",9277
nmolnark@indiegogo.com,Galapagos penguin,7083
nmolnark@indiegogo.com,"Cobra, egyptian",6548
fduchaml@globo.com,"Vulture, griffon",9549
fduchaml@globo.com,Savannah deer (unidentified),8484
fduchaml@globo.com,"Gull, lava",9125
fduchaml@globo.com,Asiatic jackal,9317
fduchaml@globo.com,Bohor reedbuck,5819
fduchaml@globo.com,"Whale, killer",7599
fduchaml@globo.com,Red-winged blackbird,5037
fduchaml@globo.com,"Monkey, red howler",6985
fduchaml@globo.com,Galapagos penguin,6435
fduchaml@globo.com,"Cobra, egyptian",6889
agouthm@so-net.ne.jp,"Vulture, griffon",8904
agouthm@so-net.ne.jp,Savannah deer (unidentified),8058
agouthm@so-net.ne.jp,"Gull, lava",6629
agouthm@so-net.ne.jp,Asiatic jackal,5743
agouthm@so-net.ne.jp,Bohor reedbuck,9656
agouthm@so-net.ne.jp,"Whale, killer",5391
agouthm@so-net.ne.jp,Red-winged blackbird,5183
agouthm@so-net.ne.jp,"Monkey, red howler",7073
agouthm@so-net.ne.jp,Galapagos penguin,9736
agouthm@so-net.ne.jp,"Cobra, egyptian",5004
fmelarkeyn@amazonaws.com,"Vulture, griffon",7245
fmelarkeyn@amazonaws.com,Savannah deer (unidentified),7276
fmelarkeyn@amazonaws.com,"Gull, lava",7269
fmelarkeyn@amazonaws.com,Asiatic jackal,9027
fmelarkeyn@amazonaws.com,Bohor reedbuck,5495
fmelarkeyn@amazonaws.com,"Whale, killer",8753
fmelarkeyn@amazonaws.com,Red-winged blackbird,6529
fmelarkeyn@amazonaws.com,"Monkey, red howler",5161
fmelarkeyn@amazonaws.com,Galapagos penguin,9478
fmelarkeyn@amazonaws.com,"Cobra, egyptian",8630
baronso@cbc.ca,"Vulture, griffon",7990
baronso@cbc.ca,Savannah deer (unidentified),7889
baronso@cbc.ca,"Gull, lava",6420
baronso@cbc.ca,Asiatic jackal,8120
baronso@cbc.ca,Bohor reedbuck,6345
baronso@cbc.ca,"Whale, killer",9368
baronso@cbc.ca,Red-winged blackbird,8333
baronso@cbc.ca,"Monkey, red howler",8180
baronso@cbc.ca,Galapagos penguin,8656
baronso@cbc.ca,"Cobra, egyptian",6426
kformanp@cam.ac.uk,"Vulture, griffon",9566
kformanp@cam.ac.uk,Savannah deer (unidentified),8201
kformanp@cam.ac.uk,"Gull, lava",6560
kformanp@cam.ac.uk,Asiatic jackal,6808
kformanp@cam.ac.uk,Bohor reedbuck,6388
kformanp@cam.ac.uk,"Whale, killer",8839
kformanp@cam.ac.uk,Red-winged blackbird,6914
kformanp@cam.ac.uk,"Monkey, red howler",6372
kformanp@cam.ac.uk,Galapagos penguin,7246
kformanp@cam.ac.uk,"Cobra, egyptian",8051
dbagotq@1688.com,"Vulture, griffon",5221
dbagotq@1688.com,Savannah deer (unidentified),5460
dbagotq@1688.com,"Gull, lava",6376
dbagotq@1688.com,Asiatic jackal,6934
dbagotq@1688.com,Bohor reedbuck,8198
dbagotq@1688.com,"Whale, killer",5608
dbagotq@1688.com,Red-winged blackbird,9838
dbagotq@1688.com,"Monkey, red howler",6602
dbagotq@1688.com,Galapagos penguin,8007
dbagotq@1688.com,"Cobra, egyptian",8204
tromerilr@cbslocal.com,"Vulture, griffon",8301
tromerilr@cbslocal.com,Savannah deer (unidentified),8979
tromerilr@cbslocal.com,"Gull, lava",8179
tromerilr@cbslocal.com,Asiatic jackal,7278
tromerilr@cbslocal.com,Bohor reedbuck,6826
tromerilr@cbslocal.com,"Whale, killer",7449
tromerilr@cbslocal.com,Red-winged blackbird,8414
tromerilr@cbslocal.com,"Monkey, red howler",9990
tromerilr@cbslocal.com,Galapagos penguin,6626
tromerilr@cbslocal.com,"Cobra, egyptian",9944
mchicchellis@slideshare.net,"Vulture, griffon",7420
mchicchellis@slideshare.net,Savannah deer (unidentified),5352
mchicchellis@slideshare.net,"Gull, lava",7141
mchicchellis@slideshare.net,Asiatic jackal,5856
mchicchellis@slideshare.net,Bohor reedbuck,9948
mchicchellis@slideshare.net,"Whale, killer",5180
mchicchellis@slideshare.net,Red-winged blackbird,8641
mchicchellis@slideshare.net,"Monkey, red howler",9925
mchicchellis@slideshare.net,Galapagos penguin,9878
mchicchellis@slideshare.net,"Cobra, egyptian",5890
bveitcht@smh.com.au,"Vulture, griffon",7918
bveitcht@smh.com.au,Savannah deer (unidentified),9896
bveitcht@smh.com.au,"Gull, lava",7508
bveitcht@smh.com.au,Asiatic jackal,5808
bveitcht@smh.com.au,Bohor reedbuck,9913
bveitcht@smh.com.au,"Whale, killer",6482
bveitcht@smh.com.au,Red-winged blackbird,8032
bveitcht@smh.com.au,"Monkey, red howler",9277
bveitcht@smh.com.au,Galapagos penguin,6388
bveitcht@smh.com.au,"Cobra, egyptian",7289
lscotchmuru@tuttocitta.it,"Vulture, griffon",6292
lscotchmuru@tuttocitta.it,Savannah deer (unidentified),9145
lscotchmuru@tuttocitta.it,"Gull, lava",5731
lscotchmuru@tuttocitta.it,Asiatic jackal,5686
lscotchmuru@tuttocitta.it,Bohor reedbuck,7402
lscotchmuru@tuttocitta.it,"Whale, killer",7041
lscotchmuru@tuttocitta.it,Red-winged blackbird,8019
lscotchmuru@tuttocitta.it,"Monkey, red howler",5935
lscotchmuru@tuttocitta.it,Galapagos penguin,6224
lscotchmuru@tuttocitta.it,"Cobra, egyptian",8248
lbohmanv@behance.net,"Vulture, griffon",6124
lbohmanv@behance.net,Savannah deer (unidentified),9170
lbohmanv@behance.net,"Gull, lava",5093
lbohmanv@behance.net,Asiatic jackal,7949
lbohmanv@behance.net,Bohor reedbuck,8069
lbohmanv@behance.net,"Whale, killer",8119
lbohmanv@behance.net,Red-winged blackbird,6624
lbohmanv@behance.net,"Monkey, red howler",8665
lbohmanv@behance.net,Galapagos penguin,5371
lbohmanv@behance.net,"Cobra, egyptian",9243
ddawberw@vimeo.com,"Vulture, griffon",6175
ddawberw@vimeo.com,Savannah deer (unidentified),5487
ddawberw@vimeo.com,"Gull, lava",5539
ddawberw@vimeo.com,Asiatic jackal,8096
ddawberw@vimeo.com,Bohor reedbuck,6936
ddawberw@vimeo.com,"Whale, killer",8756
ddawberw@vimeo.com,Red-winged blackbird,6457
ddawberw@vimeo.com,"Monkey, red howler",7761
ddawberw@vimeo.com,Galapagos penguin,9281
ddawberw@vimeo.com,"Cobra, egyptian",6311
lstormsx@ebay.co.uk,"Vulture, griffon",9240
lstormsx@ebay.co.uk,Savannah deer (unidentified),7780
lstormsx@ebay.co.uk,"Gull, lava",6964
lstormsx@ebay.co.uk,Asiatic jackal,5600
lstormsx@ebay.co.uk,Bohor reedbuck,8830
lstormsx@ebay.co.uk,"Whale, killer",5221
lstormsx@ebay.co.uk,Red-winged blackbird,5987
lstormsx@ebay.co.uk,"Monkey, red howler",9308
lstormsx@ebay.co.uk,Galapagos penguin,5704
lstormsx@ebay.co.uk,"Cobra, egyptian",9309
sjermyy@nba.com,"Vulture, griffon",7718
sjermyy@nba.com,Savannah deer (unidentified),9715
sjermyy@nba.com,"Gull, lava",7145
sjermyy@nba.com,Asiatic jackal,5309
sjermyy@nba.com,Bohor reedbuck,6890
sjermyy@nba.com,"Whale, killer",9095
sjermyy@nba.com,Red-winged blackbird,8988
sjermyy@nba.com,"Monkey, red howler",5823
sjermyy@nba.com,Galapagos penguin,7835
sjermyy@nba.com,"Cobra, egyptian",9661
wcamidgez@51.la,"Vulture, griffon",9683
wcamidgez@51.la,Savannah deer (unidentified),9403
wcamidgez@51.la,"Gull, lava",7765
wcamidgez@51.la,Asiatic jackal,6430
wcamidgez@51.la,Bohor reedbuck,6210
wcamidgez@51.la,"Whale, killer",5064
wcamidgez@51.la,Red-winged blackbird,9890
wcamidgez@51.la,"Monkey, red howler",6701
wcamidgez@51.la,Galapagos penguin,6659
wcamidgez@51.la,"Cobra, egyptian",9145
wbeeby10@mlb.com,"Vulture, griffon",9561
wbeeby10@mlb.com,Savannah deer (unidentified),7582
wbeeby10@mlb.com,"Gull, lava",6184
wbeeby10@mlb.com,Asiatic jackal,7343
wbeeby10@mlb.com,Bohor reedbuck,9994
wbeeby10@mlb.com,"Whale, killer",8123
wbeeby10@mlb.com,Red-winged blackbird,8849
wbeeby10@mlb.com,"Monkey, red howler",8297
wbeeby10@mlb.com,Galapagos penguin,6823
wbeeby10@mlb.com,"Cobra, egyptian",9426
amewburn11@infoseek.co.jp,"Vulture, griffon",6284
amewburn11@infoseek.co.jp,Savannah deer (unidentified),5402
amewburn11@infoseek.co.jp,"Gull, lava",8461
amewburn11@infoseek.co.jp,Asiatic jackal,6629
amewburn11@infoseek.co.jp,Bohor reedbuck,9730
amewburn11@infoseek.co.jp,"Whale, killer",7844
amewburn11@infoseek.co.jp,Red-winged blackbird,9212
amewburn11@infoseek.co.jp,"Monkey, red howler",5423
amewburn11@infoseek.co.jp,Galapagos penguin,5318
amewburn11@infoseek.co.jp,"Cobra, egyptian",9539
cphilipp12@bbb.org,"Vulture, griffon",6740
cphilipp12@bbb.org,Savannah deer (unidentified),6864
cphilipp12@bbb.org,"Gull, lava",6733
cphilipp12@bbb.org,Asiatic jackal,8250
cphilipp12@bbb.org,Bohor reedbuck,6488
cphilipp12@bbb.org,"Whale, killer",9551
cphilipp12@bbb.org,Red-winged blackbird,9915
cphilipp12@bbb.org,"Monkey, red howler",6112
cphilipp12@bbb.org,Galapagos penguin,9599
cphilipp12@bbb.org,"Cobra, egyptian",6292
fbaggaley13@ed.gov,"Vulture, griffon",5554
fbaggaley13@ed.gov,Savannah deer (unidentified),8157
fbaggaley13@ed.gov,"Gull, lava",6004
fbaggaley13@ed.gov,Asiatic jackal,5178
fbaggaley13@ed.gov,Bohor reedbuck,9897
fbaggaley13@ed.gov,"Whale, killer",8587
fbaggaley13@ed.gov,Red-winged blackbird,9290
fbaggaley13@ed.gov,"Monkey, red howler",5893
fbaggaley13@ed.gov,Galapagos penguin,5572
fbaggaley13@ed.gov,"Cobra, egyptian",5404
aerrey14@yellowpages.com,"Vulture, griffon",5023
aerrey14@yellowpages.com,Savannah deer (unidentified),7061
aerrey14@yellowpages.com,"Gull, lava",6401
aerrey14@yellowpages.com,Asiatic jackal,9266
aerrey14@yellowpages.com,Bohor reedbuck,7321
aerrey14@yellowpages.com,"Whale, killer",9109
aerrey14@yellowpages.com,Red-winged blackbird,6933
aerrey14@yellowpages.com,"Monkey, red howler",7050
aerrey14@yellowpages.com,Galapagos penguin,6850
aerrey14@yellowpages.com,"Cobra, egyptian",6772
wsaenz15@themeforest.net,"Vulture, griffon",5167
wsaenz15@themeforest.net,Savannah deer (unidentified),9184
wsaenz15@themeforest.net,"Gull, lava",7068
wsaenz15@themeforest.net,Asiatic jackal,8500
wsaenz15@themeforest.net,Bohor reedbuck,7413
wsaenz15@themeforest.net,"Whale, killer",7450
wsaenz15@themeforest.net,Red-winged blackbird,6547
wsaenz15@themeforest.net,"Monkey, red howler",6827
wsaenz15@themeforest.net,Galapagos penguin,5766
wsaenz15@themeforest.net,"Cobra, egyptian",9681
mbrace16@amazon.de,"Vulture, griffon",8666
mbrace16@amazon.de,Savannah deer (unidentified),7645
mbrace16@amazon.de,"Gull, lava",7210
mbrace16@amazon.de,Asiatic jackal,8502
mbrace16@amazon.de,Bohor reedbuck,8304
mbrace16@amazon.de,"Whale, killer",8197
mbrace16@amazon.de,Red-winged blackbird,9602
mbrace16@amazon.de,"Monkey, red howler",9282
mbrace16@amazon.de,Galapagos penguin,8027
mbrace16@amazon.de,"Cobra, egyptian",8485
nmulles17@blinklist.com,"Vulture, griffon",9878
nmulles17@blinklist.com,Savannah deer (unidentified),5418
nmulles17@blinklist.com,"Gull, lava",9721
nmulles17@blinklist.com,Asiatic jackal,9522
nmulles17@blinklist.com,Bohor reedbuck,6526
nmulles17@blinklist.com,"Whale, killer",7575
nmulles17@blinklist.com,Red-winged blackbird,9632
nmulles17@blinklist.com,"Monkey, red howler",8520
nmulles17@blinklist.com,Galapagos penguin,6573
nmulles17@blinklist.com,"Cobra, egyptian",7702
crudinger18@microsoft.com,"Vulture, griffon",9981
crudinger18@microsoft.com,Savannah deer (unidentified),9454
crudinger18@microsoft.com,"Gull, lava",5257
crudinger18@microsoft.com,Asiatic jackal,5255
crudinger18@microsoft.com,Bohor reedbuck,5750
crudinger18@microsoft.com,"Whale, killer",7485
crudinger18@microsoft.com,Red-winged blackbird,8591
crudinger18@microsoft.com,"Monkey, red howler",5930
crudinger18@microsoft.com,Galapagos penguin,6426
crudinger18@microsoft.com,"Cobra, egyptian",8823
ekalinsky19@typepad.com,"Vulture, griffon",6630
ekalinsky19@typepad.com,Savannah deer (unidentified),6127
ekalinsky19@typepad.com,"Gull, lava",5533
ekalinsky19@typepad.com,Asiatic jackal,6531
ekalinsky19@typepad.com,Bohor reedbuck,5382
ekalinsky19@typepad.com,"Whale, killer",9562
ekalinsky19@typepad.com,Red-winged blackbird,9439
ekalinsky19@typepad.com,"Monkey, red howler",8506
ekalinsky19@typepad.com,Galapagos penguin,6640
ekalinsky19@typepad.com,"Cobra, egyptian",5643
lbartol1a@pcworld.com,"Vulture, griffon",7334
lbartol1a@pcworld.com,Savannah deer (unidentified),8959
lbartol1a@pcworld.com,"Gull, lava",9429
lbartol1a@pcworld.com,Asiatic jackal,8086
lbartol1a@pcworld.com,Bohor reedbuck,9905
lbartol1a@pcworld.com,"Whale, killer",7346
lbartol1a@pcworld.com,Red-winged blackbird,7394
lbartol1a@pcworld.com,"Monkey, red howler",9718
lbartol1a@pcworld.com,Galapagos penguin,6661
lbartol1a@pcworld.com,"Cobra, egyptian",6907
mrosgen1b@gizmodo.com,"Vulture, griffon",8470
mrosgen1b@gizmodo.com,Savannah deer (unidentified),6507
mrosgen1b@gizmodo.com,"Gull, lava",6229
mrosgen1b@gizmodo.com,Asiatic jackal,9500
mrosgen1b@gizmodo.com,Bohor reedbuck,7805
mrosgen1b@gizmodo.com,"Whale, killer",8636
mrosgen1b@gizmodo.com,Red-winged blackbird,9790
mrosgen1b@gizmodo.com,"Monkey, red howler",7697
mrosgen1b@gizmodo.com,Galapagos penguin,9320
mrosgen1b@gizmodo.com,"Cobra, egyptian",5437
cclunan1c@hibu.com,"Vulture, griffon",9559
cclunan1c@hibu.com,Savannah deer (unidentified),5314
cclunan1c@hibu.com,"Gull, lava",9349
cclunan1c@hibu.com,Asiatic jackal,7495
cclunan1c@hibu.com,Bohor reedbuck,5186
cclunan1c@hibu.com,"Whale, killer",9800
cclunan1c@hibu.com,Red-winged blackbird,7781
cclunan1c@hibu.com,"Monkey, red howler",6295
cclunan1c@hibu.com,Galapagos penguin,5111
cclunan1c@hibu.com,"Cobra, egyptian",7185
omcshirrie1d@hostgator.com,"Vulture, griffon",6564
omcshirrie1d@hostgator.com,Savannah deer (unidentified),9273
omcshirrie1d@hostgator.com,"Gull, lava",6129
omcshirrie1d@hostgator.com,Asiatic jackal,5505
omcshirrie1d@hostgator.com,Bohor reedbuck,9513
omcshirrie1d@hostgator.com,"Whale, killer",7530
omcshirrie1d@hostgator.com,Red-winged blackbird,8210
omcshirrie1d@hostgator.com,"Monkey, red howler",5947
omcshirrie1d@hostgator.com,Galapagos penguin,8015
omcshirrie1d@hostgator.com,"Cobra, egyptian",5275
bcowins1e@slate.com,"Vulture, griffon",8066
bcowins1e@slate.com,Savannah deer (unidentified),9409
bcowins1e@slate.com,"Gull, lava",7296
bcowins1e@slate.com,Asiatic jackal,8987
bcowins1e@slate.com,Bohor reedbuck,8370
bcowins1e@slate.com,"Whale, killer",8550
bcowins1e@slate.com,Red-winged blackbird,5616
bcowins1e@slate.com,"Monkey, red howler",6898
bcowins1e@slate.com,Galapagos penguin,9186
bcowins1e@slate.com,"Cobra, egyptian",8791
clindell1f@pcworld.com,"Vulture, griffon",5281
clindell1f@pcworld.com,Savannah deer (unidentified),6346
clindell1f@pcworld.com,"Gull, lava",9977
clindell1f@pcworld.com,Asiatic jackal,5951
clindell1f@pcworld.com,Bohor reedbuck,6589
clindell1f@pcworld.com,"Whale, killer",7723
clindell1f@pcworld.com,Red-winged blackbird,8585
clindell1f@pcworld.com,"Monkey, red howler",9998
clindell1f@pcworld.com,Galapagos penguin,6763
clindell1f@pcworld.com,"Cobra, egyptian",7540
pcosgrave1g@desdev.cn,"Vulture, griffon",8893
pcosgrave1g@desdev.cn,Savannah deer (unidentified),7782
pcosgrave1g@desdev.cn,"Gull, lava",5763
pcosgrave1g@desdev.cn,Asiatic jackal,9910
pcosgrave1g@desdev.cn,Bohor reedbuck,8292
pcosgrave1g@desdev.cn,"Whale, killer",6758
pcosgrave1g@desdev.cn,Red-winged blackbird,8775
pcosgrave1g@desdev.cn,"Monkey, red howler",6191
pcosgrave1g@desdev.cn,Galapagos penguin,8080
pcosgrave1g@desdev.cn,"Cobra, egyptian",6571
agethyn1h@phpbb.com,"Vulture, griffon",5697
agethyn1h@phpbb.com,Savannah deer (unidentified),6201
agethyn1h@phpbb.com,"Gull, lava",7051
agethyn1h@phpbb.com,Asiatic jackal,7410
agethyn1h@phpbb.com,Bohor reedbuck,5947
agethyn1h@phpbb.com,"Whale, killer",9755
agethyn1h@phpbb.com,Red-winged blackbird,9872
agethyn1h@phpbb.com,"Monkey, red howler",5036
agethyn1h@phpbb.com,Galapagos penguin,9424
agethyn1h@phpbb.com,"Cobra, egyptian",9236
goutibridge1i@stumbleupon.com,"Vulture, griffon",7685
goutibridge1i@stumbleupon.com,Savannah deer (unidentified),8612
goutibridge1i@stumbleupon.com,"Gull, lava",8605
goutibridge1i@stumbleupon.com,Asiatic jackal,9400
goutibridge1i@stumbleupon.com,Bohor reedbuck,9832
goutibridge1i@stumbleupon.com,"Whale, killer",9329
goutibridge1i@stumbleupon.com,Red-winged blackbird,8816
goutibridge1i@stumbleupon.com,"Monkey, red howler",7011
goutibridge1i@stumbleupon.com,Galapagos penguin,5525
goutibridge1i@stumbleupon.com,"Cobra, egyptian",7640
fcomelini1j@sfgate.com,"Vulture, griffon",6829
fcomelini1j@sfgate.com,Savannah deer (unidentified),9688
fcomelini1j@sfgate.com,"Gull, lava",5092
fcomelini1j@sfgate.com,Asiatic jackal,5409
fcomelini1j@sfgate.com,Bohor reedbuck,6597
fcomelini1j@sfgate.com,"Whale, killer",5639
fcomelini1j@sfgate.com,Red-winged blackbird,8898
fcomelini1j@sfgate.com,"Monkey, red howler",5394
fcomelini1j@sfgate.com,Galapagos penguin,7486
fcomelini1j@sfgate.com,"Cobra, egyptian",8957
scasperri1k@msn.com,"Vulture, griffon",8601
scasperri1k@msn.com,Savannah deer (unidentified),8191
scasperri1k@msn.com,"Gull, lava",9450
scasperri1k@msn.com,Asiatic jackal,9217
scasperri1k@msn.com,Bohor reedbuck,5687
scasperri1k@msn.com,"Whale, killer",6202
scasperri1k@msn.com,Red-winged blackbird,8684
scasperri1k@msn.com,"Monkey, red howler",6841
scasperri1k@msn.com,Galapagos penguin,5609
scasperri1k@msn.com,"Cobra, egyptian",8850
rmerriton1l@ted.com,"Vulture, griffon",7222
rmerriton1l@ted.com,Savannah deer (unidentified),6775
rmerriton1l@ted.com,"Gull, lava",7394
rmerriton1l@ted.com,Asiatic jackal,6894
rmerriton1l@ted.com,Bohor reedbuck,5611
rmerriton1l@ted.com,"Whale, killer",8298
rmerriton1l@ted.com,Red-winged blackbird,8917
rmerriton1l@ted.com,"Monkey, red howler",6680
rmerriton1l@ted.com,Galapagos penguin,6630
rmerriton1l@ted.com,"Cobra, egyptian",7427
llowing1m@washington.edu,"Vulture, griffon",8294
llowing1m@washington.edu,Savannah deer (unidentified),8364
llowing1m@washington.edu,"Gull, lava",8764
llowing1m@washington.edu,Asiatic jackal,8353
llowing1m@washington.edu,Bohor reedbuck,9673
llowing1m@washington.edu,"Whale, killer",8469
llowing1m@washington.edu,Red-winged blackbird,9357
llowing1m@washington.edu,"Monkey, red howler",6132
llowing1m@washington.edu,Galapagos penguin,5374
llowing1m@washington.edu,"Cobra, egyptian",9359
gblackham1n@bigcartel.com,"Vulture, griffon",6351
gblackham1n@bigcartel.com,Savannah deer (unidentified),8879
gblackham1n@bigcartel.com,"Gull, lava",5702
gblackham1n@bigcartel.com,Asiatic jackal,9194
gblackham1n@bigcartel.com,Bohor reedbuck,7352
gblackham1n@bigcartel.com,"Whale, killer",7596
gblackham1n@bigcartel.com,Red-winged blackbird,8790
gblackham1n@bigcartel.com,"Monkey, red howler",7984
gblackham1n@bigcartel.com,Galapagos penguin,5924
gblackham1n@bigcartel.com,"Cobra, egyptian",6294
cross1o@goo.ne.jp,"Vulture, griffon",6210
cross1o@goo.ne.jp,Savannah deer (unidentified),9074
cross1o@goo.ne.jp,"Gull, lava",8529
cross1o@goo.ne.jp,Asiatic jackal,5178
cross1o@goo.ne.jp,Bohor reedbuck,9494
cross1o@goo.ne.jp,"Whale, killer",8996
cross1o@goo.ne.jp,Red-winged blackbird,6702
cross1o@goo.ne.jp,"Monkey, red howler",5796
cross1o@goo.ne.jp,Galapagos penguin,8028
cross1o@goo.ne.jp,"Cobra, egyptian",5212
auttridge1p@myspace.com,"Vulture, griffon",5000
auttridge1p@myspace.com,Savannah deer (unidentified),5630
auttridge1p@myspace.com,"Gull, lava",8774
auttridge1p@myspace.com,Asiatic jackal,6468
auttridge1p@myspace.com,Bohor reedbuck,5433
auttridge1p@myspace.com,"Whale, killer",7105
auttridge1p@myspace.com,Red-winged blackbird,9356
auttridge1p@myspace.com,"Monkey, red howler",6313
auttridge1p@myspace.com,Galapagos penguin,5418
auttridge1p@myspace.com,"Cobra, egyptian",7886
dstuttard1q@creativecommons.org,"Vulture, griffon",5824
dstuttard1q@creativecommons.org,Savannah deer (unidentified),8999
dstuttard1q@creativecommons.org,"Gull, lava",8511
dstuttard1q@creativecommons.org,Asiatic jackal,9053
dstuttard1q@creativecommons.org,Bohor reedbuck,7633
dstuttard1q@creativecommons.org,"Whale, killer",5092
dstuttard1q@creativecommons.org,Red-winged blackbird,7949
dstuttard1q@creativecommons.org,"Monkey, red howler",5362
dstuttard1q@creativecommons.org,Galapagos penguin,5174
dstuttard1q@creativecommons.org,"Cobra, egyptian",5208
gmacvicar1r@senate.gov,"Vulture, griffon",8463
gmacvicar1r@senate.gov,Savannah deer (unidentified),8625
gmacvicar1r@senate.gov,"Gull, lava",6432
gmacvicar1r@senate.gov,Asiatic jackal,5404
gmacvicar1r@senate.gov,Bohor reedbuck,7038
gmacvicar1r@senate.gov,"Whale, killer",8947
gmacvicar1r@senate.gov,Red-winged blackbird,7319
gmacvicar1r@senate.gov,"Monkey, red howler",6625
gmacvicar1r@senate.gov,Galapagos penguin,5630
gmacvicar1r@senate.gov,"Cobra, egyptian",6838
deastup1s@nymag.com,"Vulture, griffon",5030
deastup1s@nymag.com,Savannah deer (unidentified),8678
deastup1s@nymag.com,"Gull, lava",7311
deastup1s@nymag.com,Asiatic jackal,6588
deastup1s@nymag.com,Bohor reedbuck,9361
deastup1s@nymag.com,"Whale, killer",9853
deastup1s@nymag.com,Red-winged blackbird,6186
deastup1s@nymag.com,"Monkey, red howler",8214
deastup1s@nymag.com,Galapagos penguin,5883
deastup1s@nymag.com,"Cobra, egyptian",5370
awhorall1t@pen.io,"Vulture, griffon",7916
awhorall1t@pen.io,Savannah deer (unidentified),7470
awhorall1t@pen.io,"Gull, lava",8447
awhorall1t@pen.io,Asiatic jackal,9295
awhorall1t@pen.io,Bohor reedbuck,5809
awhorall1t@pen.io,"Whale, killer",7507
awhorall1t@pen.io,Red-winged blackbird,5596
awhorall1t@pen.io,"Monkey, red howler",8117
awhorall1t@pen.io,Galapagos penguin,7426
awhorall1t@pen.io,"Cobra, egyptian",6749
bkinnin1u@dion.ne.jp,"Vulture, griffon",6555
bkinnin1u@dion.ne.jp,Savannah deer (unidentified),7584
bkinnin1u@dion.ne.jp,"Gull, lava",7104
bkinnin1u@dion.ne.jp,Asiatic jackal,8428
bkinnin1u@dion.ne.jp,Bohor reedbuck,5259
bkinnin1u@dion.ne.jp,"Whale, killer",9014
bkinnin1u@dion.ne.jp,Red-winged blackbird,8613
bkinnin1u@dion.ne.jp,"Monkey, red howler",7269
bkinnin1u@dion.ne.jp,Galapagos penguin,5956
bkinnin1u@dion.ne.jp,"Cobra, egyptian",6856
cfifoot1v@europa.eu,"Vulture, griffon",7151
cfifoot1v@europa.eu,Savannah deer (unidentified),6952
cfifoot1v@europa.eu,"Gull, lava",6533
cfifoot1v@europa.eu,Asiatic jackal,8266
cfifoot1v@europa.eu,Bohor reedbuck,7777
cfifoot1v@europa.eu,"Whale, killer",7179
cfifoot1v@europa.eu,Red-winged blackbird,5299
cfifoot1v@europa.eu,"Monkey, red howler",6742
cfifoot1v@europa.eu,Galapagos penguin,6033
cfifoot1v@europa.eu,"Cobra, egyptian",8044
eraycroft1w@sitemeter.com,"Vulture, griffon",6045
eraycroft1w@sitemeter.com,Savannah deer (unidentified),9525
eraycroft1w@sitemeter.com,"Gull, lava",5528
eraycroft1w@sitemeter.com,Asiatic jackal,8570
eraycroft1w@sitemeter.com,Bohor reedbuck,6519
eraycroft1w@sitemeter.com,"Whale, killer",9839
eraycroft1w@sitemeter.com,Red-winged blackbird,9040
eraycroft1w@sitemeter.com,"Monkey, red howler",7667
eraycroft1w@sitemeter.com,Galapagos penguin,5514
eraycroft1w@sitemeter.com,"Cobra, egyptian",7615
plannen1x@mediafire.com,"Vulture, griffon",6737
plannen1x@mediafire.com,Savannah deer (unidentified),8272
plannen1x@mediafire.com,"Gull, lava",8785
plannen1x@mediafire.com,Asiatic jackal,5494
plannen1x@mediafire.com,Bohor reedbuck,9161
plannen1x@mediafire.com,"Whale, killer",8933
plannen1x@mediafire.com,Red-winged blackbird,7080
plannen1x@mediafire.com,"Monkey, red howler",9015
plannen1x@mediafire.com,Galapagos penguin,8283
plannen1x@mediafire.com,"Cobra, egyptian",6179
pgebuhr1y@reuters.com,"Vulture, griffon",9107
pgebuhr1y@reuters.com,Savannah deer (unidentified),7562
pgebuhr1y@reuters.com,"Gull, lava",6670
pgebuhr1y@reuters.com,Asiatic jackal,9108
pgebuhr1y@reuters.com,Bohor reedbuck,7237
pgebuhr1y@reuters.com,"Whale, killer",5490
pgebuhr1y@reuters.com,Red-winged blackbird,5930
pgebuhr1y@reuters.com,"Monkey, red howler",5961
pgebuhr1y@reuters.com,Galapagos penguin,7834
pgebuhr1y@reuters.com,"Cobra, egyptian",8343
jlockitt1z@java.com,"Vulture, griffon",6970
jlockitt1z@java.com,Savannah deer (unidentified),6721
jlockitt1z@java.com,"Gull, lava",7358
jlockitt1z@java.com,Asiatic jackal,9322
jlockitt1z@java.com,Bohor reedbuck,6904
jlockitt1z@java.com,"Whale, killer",6798
jlockitt1z@java.com,Red-winged blackbird,6804
jlockitt1z@java.com,"Monkey, red howler",8950
jlockitt1z@java.com,Galapagos penguin,6425
jlockitt1z@java.com,"Cobra, egyptian",6166
dgriffin20@hugedomains.com,"Vulture, griffon",9503
dgriffin20@hugedomains.com,Savannah deer (unidentified),6577
dgriffin20@hugedomains.com,"Gull, lava",5978
dgriffin20@hugedomains.com,Asiatic jackal,5315
dgriffin20@hugedomains.com,Bohor reedbuck,8925
dgriffin20@hugedomains.com,"Whale, killer",8967
dgriffin20@hugedomains.com,Red-winged blackbird,6670
dgriffin20@hugedomains.com,"Monkey, red howler",6618
dgriffin20@hugedomains.com,Galapagos penguin,6942
dgriffin20@hugedomains.com,"Cobra, egyptian",7539
gofallone21@typepad.com,"Vulture, griffon",7902
gofallone21@typepad.com,Savannah deer (unidentified),8290
gofallone21@typepad.com,"Gull, lava",9190
gofallone21@typepad.com,Asiatic jackal,8254
gofallone21@typepad.com,Bohor reedbuck,8773
gofallone21@typepad.com,"Whale, killer",8291
gofallone21@typepad.com,Red-winged blackbird,7395
gofallone21@typepad.com,"Monkey, red howler",8060
gofallone21@typepad.com,Galapagos penguin,5233
gofallone21@typepad.com,"Cobra, egyptian",6993
fmaudett22@moonfruit.com,"Vulture, griffon",8769
fmaudett22@moonfruit.com,Savannah deer (unidentified),8402
fmaudett22@moonfruit.com,"Gull, lava",6677
fmaudett22@moonfruit.com,Asiatic jackal,6823
fmaudett22@moonfruit.com,Bohor reedbuck,8872
fmaudett22@moonfruit.com,"Whale, killer",5992
fmaudett22@moonfruit.com,Red-winged blackbird,6088
fmaudett22@moonfruit.com,"Monkey, red howler",5056
fmaudett22@moonfruit.com,Galapagos penguin,8514
fmaudett22@moonfruit.com,"Cobra, egyptian",7024
msteffens23@paypal.com,"Vulture, griffon",8694
msteffens23@paypal.com,Savannah deer (unidentified),9199
msteffens23@paypal.com,"Gull, lava",7698
msteffens23@paypal.com,Asiatic jackal,5898
msteffens23@paypal.com,Bohor reedbuck,9226
msteffens23@paypal.com,"Whale, killer",7712
msteffens23@paypal.com,Red-winged blackbird,7297
msteffens23@paypal.com,"Monkey, red howler",6947
msteffens23@paypal.com,Galapagos penguin,9468
msteffens23@paypal.com,"Cobra, egyptian",9151
lvizard24@blinklist.com,"Vulture, griffon",6968
lvizard24@blinklist.com,Savannah deer (unidentified),8339
lvizard24@blinklist.com,"Gull, lava",9018
lvizard24@blinklist.com,Asiatic jackal,6248
lvizard24@blinklist.com,Bohor reedbuck,6042
lvizard24@blinklist.com,"Whale, killer",9146
lvizard24@blinklist.com,Red-winged blackbird,7791
lvizard24@blinklist.com,"Monkey, red howler",5859
lvizard24@blinklist.com,Galapagos penguin,6561
lvizard24@blinklist.com,"Cobra, egyptian",8378
gpalfreyman25@fema.gov,"Vulture, griffon",5578
gpalfreyman25@fema.gov,Savannah deer (unidentified),6596
gpalfreyman25@fema.gov,"Gull, lava",7077
gpalfreyman25@fema.gov,Asiatic jackal,9080
gpalfreyman25@fema.gov,Bohor reedbuck,8569
gpalfreyman25@fema.gov,"Whale, killer",8999
gpalfreyman25@fema.gov,Red-winged blackbird,7837
gpalfreyman25@fema.gov,"Monkey, red howler",8090
gpalfreyman25@fema.gov,Galapagos penguin,6630
gpalfreyman25@fema.gov,"Cobra, egyptian",8987
brevey26@over-blog.com,"Vulture, griffon",9883
brevey26@over-blog.com,Savannah deer (unidentified),8878
brevey26@over-blog.com,"Gull, lava",7876
brevey26@over-blog.com,Asiatic jackal,6963
brevey26@over-blog.com,Bohor reedbuck,9529
brevey26@over-blog.com,"Whale, killer",7902
brevey26@over-blog.com,Red-winged blackbird,6671
brevey26@over-blog.com,"Monkey, red howler",7081
brevey26@over-blog.com,Galapagos penguin,6864
brevey26@over-blog.com,"Cobra, egyptian",9610
vstruan27@economist.com,"Vulture, griffon",6879
vstruan27@economist.com,Savannah deer (unidentified),6327
vstruan27@economist.com,"Gull, lava",5356
vstruan27@economist.com,Asiatic jackal,8476
vstruan27@economist.com,Bohor reedbuck,6537
vstruan27@economist.com,"Whale, killer",7394
vstruan27@economist.com,Red-winged blackbird,5887
vstruan27@economist.com,"Monkey, red howler",9295
vstruan27@economist.com,Galapagos penguin,9598
vstruan27@economist.com,"Cobra, egyptian",5380
jwolters28@over-blog.com,"Vulture, griffon",6200
jwolters28@over-blog.com,Savannah deer (unidentified),5862
jwolters28@over-blog.com,"Gull, lava",7673
jwolters28@over-blog.com,Asiatic jackal,7025
jwolters28@over-blog.com,Bohor reedbuck,5884
jwolters28@over-blog.com,"Whale, killer",6886
jwolters28@over-blog.com,Red-winged blackbird,5970
jwolters28@over-blog.com,"Monkey, red howler",5904
jwolters28@over-blog.com,Galapagos penguin,6415
jwolters28@over-blog.com,"Cobra, egyptian",8127
lhedylstone29@nhs.uk,"Vulture, griffon",9826
lhedylstone29@nhs.uk,Savannah deer (unidentified),7458
lhedylstone29@nhs.uk,"Gull, lava",5069
lhedylstone29@nhs.uk,Asiatic jackal,8880
lhedylstone29@nhs.uk,Bohor reedbuck,9245
lhedylstone29@nhs.uk,"Whale, killer",9701
lhedylstone29@nhs.uk,Red-winged blackbird,8593
lhedylstone29@nhs.uk,"Monkey, red howler",9802
lhedylstone29@nhs.uk,Galapagos penguin,8401
lhedylstone29@nhs.uk,"Cobra, egyptian",8926
lverne2a@vimeo.com,"Vulture, griffon",9321
lverne2a@vimeo.com,Savannah deer (unidentified),6269
lverne2a@vimeo.com,"Gull, lava",7500
lverne2a@vimeo.com,Asiatic jackal,8593
lverne2a@vimeo.com,Bohor reedbuck,8048
lverne2a@vimeo.com,"Whale, killer",5470
lverne2a@vimeo.com,Red-winged blackbird,5739
lverne2a@vimeo.com,"Monkey, red howler",7987
lverne2a@vimeo.com,Galapagos penguin,6267
lverne2a@vimeo.com,"Cobra, egyptian",7985
jbiggerstaff2b@mit.edu,"Vulture, griffon",9928
jbiggerstaff2b@mit.edu,Savannah deer (unidentified),7477
jbiggerstaff2b@mit.edu,"Gull, lava",8134
jbiggerstaff2b@mit.edu,Asiatic jackal,9171
jbiggerstaff2b@mit.edu,Bohor reedbuck,5442
jbiggerstaff2b@mit.edu,"Whale, killer",9431
jbiggerstaff2b@mit.edu,Red-winged blackbird,6008
jbiggerstaff2b@mit.edu,"Monkey, red howler",8181
jbiggerstaff2b@mit.edu,Galapagos penguin,5450
jbiggerstaff2b@mit.edu,"Cobra, egyptian",9451
msancias2c@multiply.com,"Vulture, griffon",6719
msancias2c@multiply.com,Savannah deer (unidentified),5924
msancias2c@multiply.com,"Gull, lava",8985
msancias2c@multiply.com,Asiatic jackal,7121
msancias2c@multiply.com,Bohor reedbuck,8875
msancias2c@multiply.com,"Whale, killer",9011
msancias2c@multiply.com,Red-winged blackbird,7833
msancias2c@multiply.com,"Monkey, red howler",7311
msancias2c@multiply.com,Galapagos penguin,9725
msancias2c@multiply.com,"Cobra, egyptian",9604
vscotts2d@sourceforge.net,"Vulture, griffon",9882
vscotts2d@sourceforge.net,Savannah deer (unidentified),9351
vscotts2d@sourceforge.net,"Gull, lava",8383
vscotts2d@sourceforge.net,Asiatic jackal,5714
vscotts2d@sourceforge.net,Bohor reedbuck,6477
vscotts2d@sourceforge.net,"Whale, killer",6067
vscotts2d@sourceforge.net,Red-winged blackbird,8754
vscotts2d@sourceforge.net,"Monkey, red howler",5880
vscotts2d@sourceforge.net,Galapagos penguin,7660
vscotts2d@sourceforge.net,"Cobra, egyptian",7483
hseniour2e@skype.com,"Vulture, griffon",5386
hseniour2e@skype.com,Savannah deer (unidentified),5778
hseniour2e@skype.com,"Gull, lava",8527
hseniour2e@skype.com,Asiatic jackal,9444
hseniour2e@skype.com,Bohor reedbuck,9888
hseniour2e@skype.com,"Whale, killer",6866
hseniour2e@skype.com,Red-winged blackbird,8850
hseniour2e@skype.com,"Monkey, red howler",5966
hseniour2e@skype.com,Galapagos penguin,5438
hseniour2e@skype.com,"Cobra, egyptian",8357
nscheffel2f@e-recht24.de,"Vulture, griffon",6702
nscheffel2f@e-recht24.de,Savannah deer (unidentified),7290
nscheffel2f@e-recht24.de,"Gull, lava",7222
nscheffel2f@e-recht24.de,Asiatic jackal,6999
nscheffel2f@e-recht24.de,Bohor reedbuck,6019
nscheffel2f@e-recht24.de,"Whale, killer",6130
nscheffel2f@e-recht24.de,Red-winged blackbird,8395
nscheffel2f@e-recht24.de,"Monkey, red howler",7037
nscheffel2f@e-recht24.de,Galapagos penguin,9088
nscheffel2f@e-recht24.de,"Cobra, egyptian",6919
garkin2g@ted.com,"Vulture, griffon",6710
garkin2g@ted.com,Savannah deer (unidentified),6901
garkin2g@ted.com,"Gull, lava",6723
garkin2g@ted.com,Asiatic jackal,5946
garkin2g@ted.com,Bohor reedbuck,5004
garkin2g@ted.com,"Whale, killer",5471
garkin2g@ted.com,Red-winged blackbird,5625
garkin2g@ted.com,"Monkey, red howler",6875
garkin2g@ted.com,Galapagos penguin,9692
garkin2g@ted.com,"Cobra, egyptian",6852
geden2h@webs.com,"Vulture, griffon",6370
geden2h@webs.com,Savannah deer (unidentified),7934
geden2h@webs.com,"Gull, lava",7651
geden2h@webs.com,Asiatic jackal,5895
geden2h@webs.com,Bohor reedbuck,9900
geden2h@webs.com,"Whale, killer",7243
geden2h@webs.com,Red-winged blackbird,8429
geden2h@webs.com,"Monkey, red howler",5981
geden2h@webs.com,Galapagos penguin,8788
geden2h@webs.com,"Cobra, egyptian",7944
ajurewicz2i@theatlantic.com,"Vulture, griffon",8953
ajurewicz2i@theatlantic.com,Savannah deer (unidentified),6808
ajurewicz2i@theatlantic.com,"Gull, lava",6558
ajurewicz2i@theatlantic.com,Asiatic jackal,7514
ajurewicz2i@theatlantic.com,Bohor reedbuck,7762
ajurewicz2i@theatlantic.com,"Whale, killer",9823
ajurewicz2i@theatlantic.com,Red-winged blackbird,8630
ajurewicz2i@theatlantic.com,"Monkey, red howler",9177
ajurewicz2i@theatlantic.com,Galapagos penguin,8146
ajurewicz2i@theatlantic.com,"Cobra, egyptian",5048
iwarlock2j@github.io,"Vulture, griffon",8138
iwarlock2j@github.io,Savannah deer (unidentified),5706
iwarlock2j@github.io,"Gull, lava",8999
iwarlock2j@github.io,Asiatic jackal,8340
iwarlock2j@github.io,Bohor reedbuck,9074
iwarlock2j@github.io,"Whale, killer",5484
iwarlock2j@github.io,Red-winged blackbird,9846
iwarlock2j@github.io,"Monkey, red howler",8492
iwarlock2j@github.io,Galapagos penguin,8606
iwarlock2j@github.io,"Cobra, egyptian",8435
lgreenhouse2k@technorati.com,"Vulture, griffon",8539
lgreenhouse2k@technorati.com,Savannah deer (unidentified),7165
lgreenhouse2k@technorati.com,"Gull, lava",5568
lgreenhouse2k@technorati.com,Asiatic jackal,9223
lgreenhouse2k@technorati.com,Bohor reedbuck,5043
lgreenhouse2k@technorati.com,"Whale, killer",6206
lgreenhouse2k@technorati.com,Red-winged blackbird,5307
lgreenhouse2k@technorati.com,"Monkey, red howler",6860
lgreenhouse2k@technorati.com,Galapagos penguin,7191
lgreenhouse2k@technorati.com,"Cobra, egyptian",6145
dheld2l@blogtalkradio.com,"Vulture, griffon",6482
dheld2l@blogtalkradio.com,Savannah deer (unidentified),9958
dheld2l@blogtalkradio.com,"Gull, lava",9079
dheld2l@blogtalkradio.com,Asiatic jackal,7420
dheld2l@blogtalkradio.com,Bohor reedbuck,7190
dheld2l@blogtalkradio.com,"Whale, killer",5283
dheld2l@blogtalkradio.com,Red-winged blackbird,6997
dheld2l@blogtalkradio.com,"Monkey, red howler",9618
dheld2l@blogtalkradio.com,Galapagos penguin,9978
dheld2l@blogtalkradio.com,"Cobra, egyptian",8980
ekruse2m@bandcamp.com,"Vulture, griffon",9736
ekruse2m@bandcamp.com,Savannah deer (unidentified),7674
ekruse2m@bandcamp.com,"Gull, lava",9749
ekruse2m@bandcamp.com,Asiatic jackal,8256
ekruse2m@bandcamp.com,Bohor reedbuck,6369
ekruse2m@bandcamp.com,"Whale, killer",8675
ekruse2m@bandcamp.com,Red-winged blackbird,9132
ekruse2m@bandcamp.com,"Monkey, red howler",7478
ekruse2m@bandcamp.com,Galapagos penguin,8776
ekruse2m@bandcamp.com,"Cobra, egyptian",5149
gsugar2n@skyrock.com,"Vulture, griffon",7733
gsugar2n@skyrock.com,Savannah deer (unidentified),5389
gsugar2n@skyrock.com,"Gull, lava",9584
gsugar2n@skyrock.com,Asiatic jackal,9990
gsugar2n@skyrock.com,Bohor reedbuck,7879
gsugar2n@skyrock.com,"Whale, killer",9881
gsugar2n@skyrock.com,Red-winged blackbird,8797
gsugar2n@skyrock.com,"Monkey, red howler",5627
gsugar2n@skyrock.com,Galapagos penguin,9325
gsugar2n@skyrock.com,"Cobra, egyptian",6492
emeasures2o@creativecommons.org,"Vulture, griffon",8796
emeasures2o@creativecommons.org,Savannah deer (unidentified),9493
emeasures2o@creativecommons.org,"Gull, lava",9438
emeasures2o@creativecommons.org,Asiatic jackal,5788
emeasures2o@creativecommons.org,Bohor reedbuck,9229
emeasures2o@creativecommons.org,"Whale, killer",8071
emeasures2o@creativecommons.org,Red-winged blackbird,9074
emeasures2o@creativecommons.org,"Monkey, red howler",7061
emeasures2o@creativecommons.org,Galapagos penguin,6066
emeasures2o@creativecommons.org,"Cobra, egyptian",5595
aseeks2p@yale.edu,"Vulture, griffon",6833
aseeks2p@yale.edu,Savannah deer (unidentified),5032
aseeks2p@yale.edu,"Gull, lava",9933
aseeks2p@yale.edu,Asiatic jackal,7691
aseeks2p@yale.edu,Bohor reedbuck,9961
aseeks2p@yale.edu,"Whale, killer",6159
aseeks2p@yale.edu,Red-winged blackbird,6729
aseeks2p@yale.edu,"Monkey, red howler",8198
aseeks2p@yale.edu,Galapagos penguin,8384
aseeks2p@yale.edu,"Cobra, egyptian",9855
ebillyard2q@amazonaws.com,"Vulture, griffon",5990
ebillyard2q@amazonaws.com,Savannah deer (unidentified),8462
ebillyard2q@amazonaws.com,"Gull, lava",6273
ebillyard2q@amazonaws.com,Asiatic jackal,5743
ebillyard2q@amazonaws.com,Bohor reedbuck,9316
ebillyard2q@amazonaws.com,"Whale, killer",7005
ebillyard2q@amazonaws.com,Red-winged blackbird,6109
ebillyard2q@amazonaws.com,"Monkey, red howler",5925
ebillyard2q@amazonaws.com,Galapagos penguin,7225
ebillyard2q@amazonaws.com,"Cobra, egyptian",9704
mjillings2r@geocities.com,"Vulture, griffon",8840
mjillings2r@geocities.com,Savannah deer (unidentified),5468
mjillings2r@geocities.com,"Gull, lava",7987
mjillings2r@geocities.com,Asiatic jackal,9515
mjillings2r@geocities.com,Bohor reedbuck,6479
mjillings2r@geocities.com,"Whale, killer",5469
mjillings2r@geocities.com,Red-winged blackbird,9412
mjillings2r@geocities.com,"Monkey, red howler",7623
mjillings2r@geocities.com,Galapagos penguin,9314
mjillings2r@geocities.com,"Cobra, egyptian",6365
